RecipeID, Rating
7000,4.6
7001,4.8
7003,4.5
7009,4.8
7010,4.8
7011,4.5
7013,4.7
7245,4.7
7246,3.7
7251,4.6
7254,4.3
7255,4.7
7256,4.5
7259,4.4
7260,4.8
7261,4.7
7262,4.2
7263,4.3
7264,4.3
7266,4.4
7267,4.1
7268,4.7
7269,4.4
7270,4.6
7271,4.4
7272,4.5
7273,4.7
7274,4.8
7275,4.2
7276,4.5
7277,4.4
7278,4.5
7279,4.6
7281,4.6
7284,4.7
7285,4.4
7286,4.9
7287,4.8
7288,4.5
7289,4.8
7293,4.0
7294,4.4
7295,3.7
7296,4.6
7297,4.5
7299,4.4
7302,4.3
7303,4.4
7304,4.7
7306,4.5
7307,4.7
7312,3.9
7315,3.9
7318,4.7
7320,4.1
7322,4.3
7323,4.3
7324,4.5
7326,4.7
7329,4.3
7331,4.2
7333,4.3
7334,4.4
7340,4.4
7341,4.3
7342,4.4
7344,4.4
7345,4.5
7346,4.7
7347,4.4
7348,4.2
7349,4.1
7350,4.6
7358,4.5
7359,4.7
7360,4.6
7361,4.3
7364,4.8
7365,4.3
7369,4.8
7372,4.6
7374,4.2
7375,4.8
7380,4.5
7384,4.8
7385,4.8
7386,4.1
7388,4.2
7392,4.6
7393,4.3
7394,4.3
7397,4.2
7399,4.4
7400,4.5
7401,4.6
7402,4.6
7404,4.7
7405,4.6
7406,4.6
7407,4.5
7409,4.7
7410,4.5
7411,4.1
7413,4.5
7414,4.6
7415,4.6
7416,4.3
7417,4.6
7418,4.5
7419,4.6
7420,4.7
7421,4.7
7423,4.2
7424,4.1
7425,3.9
7427,4.7
7428,4.7
7429,4.4
7430,4.8
7432,3.9
7435,4.5
7436,4.7
7438,4.2
7441,4.6
7443,4.5
7445,4.5
7446,4.3
7453,4.6
7459,4.2
7460,4.2
7461,4.3
7465,4.3
7466,4.3
7468,4.7
7469,4.6
7475,4.7
7478,4.5
7479,4.6
7480,4.7
7482,4.7
7486,4.3
7488,4.4
7489,4.7
7490,4.6
7491,4.3
7492,4.5
7494,4.6
7495,4.5
7496,4.5
7499,4.7
7502,4.4
7505,4.4
7506,4.5
7509,4.7
7514,4.3
7515,4.6
7516,3.7
7521,4.4
7522,4.6
7524,4.6
7527,4.6
7528,4.3
7531,4.6
7532,4.3
7533,4.6
7534,4.2
7538,4.5
7540,4.1
7542,4.5
7544,4.4
7546,4.6
7547,4.6
7549,4.3
7550,4.2
7554,4.2
7555,3.8
7556,4.6
7557,4.2
7558,4.4
7562,4.3
7565,4.7
7566,4.6
7569,4.4
7574,3.4
7576,4.5
7578,4.6
7583,4.5
7584,4.5
7585,4.4
7588,4.5
7591,4.5
7592,4.4
7593,4.4
7597,4.7
7598,4.3
7600,4.2
7601,3.7
7603,4.5
7608,4.7
7610,4.7
7611,4.7
7612,4.7
7615,4.3
7616,3.8
7617,4.7
7619,4.6
7620,4.6
7622,4.2
7623,4.0
7624,3.8
7629,4.4
7631,4.5
7632,4.7
7638,4.3
7639,4.6
7640,4.0
7643,4.6
7645,4.1
7652,4.1
7658,4.6
7665,4.3
7666,4.9
7667,4.4
7668,4.7
7670,4.6
7671,4.3
7679,4.7
7682,3.9
7686,4.7
7688,4.5
7694,4.7
7700,4.7
7702,4.4
7703,4.2
7704,4.5
7706,4.3
7708,4.0
7710,4.3
7711,4.4
7713,4.3
7714,4.5
7716,4.4
7717,4.7
7719,4.7
7722,4.6
7728,4.8
7732,4.2
7733,4.4
7734,4.6
7736,4.6
7737,4.6
7738,4.5
7739,4.2
7741,4.6
7742,4.0
7747,4.7
7748,2.4
7749,4.4
7751,4.6
7753,4.7
7754,4.7
7757,4.5
7758,4.7
7760,4.5
7763,4.5
7766,4.6
7768,4.7
7770,4.5
7773,4.2
7776,3.2
7781,4.6
7784,4.6
7785,4.5
7787,4.0
7788,4.5
7792,4.4
7793,4.2
7800,4.1
7801,4.7
7804,4.1
7807,4.3
7815,3.3
7817,3.7
7818,4.4
7820,4.5
7827,4.5
7828,4.2
7829,4.8
7832,4.6
7834,4.2
7835,4.5
7836,4.8
7837,4.4
7843,4.0
7845,4.4
7847,4.6
7849,4.3
7850,4.5
7856,4.5
7859,4.7
7860,4.7
7861,4.5
7864,4.6
7865,4.6
7866,4.8
7867,4.2
7868,4.3
7869,4.2
7870,4.9
7871,4.5
7875,4.4
7876,4.3
7878,4.5
7879,4.2
7880,4.4
7883,4.5
7887,4.7
7891,3.6
7892,4.7
7899,4.4
7900,4.5
7902,4.6
7903,4.8
7904,4.3
7905,4.3
7906,4.0
7907,3.9
7908,3.6
7909,4.0
7910,3.9
7911,4.4
7912,4.2
7914,4.4
7915,4.6
7916,4.8
7918,4.6
7922,4.3
7923,4.4
7926,4.5
7927,4.8
7929,3.9
7930,4.6
7934,4.5
7937,4.8
7938,4.4
7939,4.6
7941,4.7
7945,3.9
7946,4.5
7948,4.4
7952,4.2
7958,4.5
7964,3.4
7967,4.3
7968,4.6
7969,4.5
7973,4.6
7977,4.8
7981,4.5
7984,4.4
7985,4.6
7986,3.8
7987,4.5
7988,4.5
7990,4.6
7991,4.2
7994,4.6
7995,4.6
7997,4.5
7998,4.2
8000,4.3
8002,4.6
8005,4.6
8014,4.7
8016,4.6
8020,3.8
8022,4.1
8024,3.9
8025,4.6
8029,4.4
8030,4.7
8031,3.9
8033,4.7
8035,4.2
8038,4.7
8039,3.7
8040,4.5
8041,4.8
8043,4.8
8045,4.5
8047,4.6
8048,4.7
8049,4.2
8051,4.1
8053,3.7
8055,4.6
8056,4.0
8058,4.5
8062,4.3
8063,4.1
8072,4.7
8074,4.7
8078,4.5
8079,4.7
8083,4.6
8088,4.5
8089,4.4
8090,4.2
8091,4.1
8092,4.5
8095,4.5
8098,4.7
8101,4.6
8102,4.8
8103,4.5
8104,4.3
8107,4.3
8112,4.8
8115,4.4
8116,4.4
8117,4.6
8119,4.3
8120,4.7
8123,4.8
8124,3.9
8126,4.7
8127,4.4
8129,4.5
8130,4.5
8133,4.1
8134,4.1
8135,4.1
8136,4.5
8137,3.9
8138,4.0
8139,4.6
8143,4.7
8144,4.5
8145,4.6
8146,4.3
8147,4.7
8148,4.7
8149,4.7
8151,4.7
8152,4.5
8155,4.6
8156,4.4
8160,4.5
8161,4.2
8162,4.2
8164,3.4
8166,4.1
8168,4.3
8169,4.0
8170,4.6
8172,4.6
8173,4.2
8176,4.3
8177,4.7
8182,4.4
8183,4.2
8184,4.3
8186,4.3
8191,4.4
8192,3.7
8196,4.7
8201,4.2
8203,4.8
8209,4.8
8210,4.6
8211,4.6
8212,4.6
8219,4.3
8221,4.4
8223,4.7
8227,4.3
8229,4.7
8230,4.8
8231,4.3
8233,4.3
8235,4.6
8236,4.8
8237,4.5
8238,4.5
8240,4.2
8241,4.7
8248,4.5
8249,4.5
8250,4.7
8251,4.1
8252,4.5
8253,4.4
8255,4.6
8256,4.4
8257,4.7
8258,4.7
8261,4.6
8263,4.1
8265,4.7
8268,4.5
8269,4.8
8270,4.7
8271,4.4
8272,4.4
8275,4.7
8279,4.5
8281,4.5
8282,4.0
8283,4.0
8287,4.4
8288,4.2
8290,4.4
8293,4.4
8294,4.5
8295,4.6
8298,4.5
8299,4.5
8300,4.7
8301,4.7
8302,4.6
8303,4.5
8308,4.8
8309,4.6
8310,4.5
8311,4.1
8312,4.3
8313,4.6
8314,4.3
8315,4.5
8319,4.2
8321,4.7
8323,4.8
8324,4.5
8325,4.2
8327,4.6
8328,4.7
8330,4.6
8333,4.8
8335,4.5
8336,4.0
8337,4.6
8338,4.2
8339,4.4
8341,4.4
8342,4.7
8343,4.2
8344,4.7
8347,4.6
8350,4.6
8351,4.5
8353,4.5
8356,4.3
8358,4.7
8360,4.5
8365,4.3
8366,4.5
8367,3.4
8369,4.8
8370,4.3
8372,4.8
8375,4.3
8377,4.5
8378,4.3
8379,4.7
8381,4.7
8383,4.5
8384,4.6
8387,4.3
8388,4.4
8389,4.7
8391,4.1
8392,4.4
8393,4.0
8395,4.3
8396,4.3
8398,4.1
8402,4.5
8403,4.7
8404,4.5
8406,3.8
8413,4.1
8414,4.4
8415,4.3
8417,4.0
8418,4.5
8419,4.6
8420,4.5
8422,4.9
8424,4.3
8425,4.4
8427,4.6
8428,4.6
8429,4.6
8430,4.8
8434,4.1
8436,4.5
8440,4.0
8441,4.6
8443,4.5
8444,4.2
8445,4.7
8446,4.7
8449,4.2
8450,4.4
8451,4.4
8452,3.3
8454,4.4
8457,4.6
8458,4.3
8459,4.7
8465,4.6
8467,3.9
8468,4.6
8469,4.8
8471,4.3
8472,4.1
8476,4.6
8483,4.7
8486,4.3
8487,4.8
8488,4.4
8489,4.7
8490,4.7
8491,4.7
8492,4.7
8493,4.5
8494,4.1
8495,4.7
8496,4.1
8497,4.5
8498,4.0
8499,4.6
8500,3.9
8501,4.3
8502,4.1
8503,4.5
8504,3.9
8506,4.5
8509,4.3
8513,4.6
8515,4.2
8516,3.5
8517,4.1
8519,4.4
8520,4.2
8522,4.4
8523,4.2
8524,4.4
8525,4.6
8526,4.1
8527,4.3
8528,4.4
8529,4.6
8532,4.2
8533,4.3
8534,4.3
8535,4.1
8536,4.5
8537,4.3
8539,3.4
8541,4.4
8542,4.2
8543,3.9
8544,4.0
8545,4.4
8546,4.2
8547,4.7
8549,4.5
8550,4.3
8551,4.6
8552,4.1
8555,4.5
8556,4.3
8558,4.2
8559,4.4
8560,4.2
8561,4.0
8562,4.7
8564,4.6
8565,4.7
8568,4.6
8569,3.7
8570,4.2
8571,4.4
8578,4.5
8580,4.5
8584,4.8
8589,4.5
8590,4.3
8592,4.5
8593,3.9
8594,4.2
8595,4.3
8596,4.3
8597,4.6
8599,4.5
8600,4.5
8601,4.5
8605,4.4
8606,4.1
8607,4.5
8609,4.7
8610,4.1
8611,4.4
8612,3.9
8613,4.5
8614,4.4
8615,4.5
8616,4.4
8617,4.3
8618,4.6
8619,4.5
8623,4.4
8624,4.3
8626,4.7
8627,4.5
8628,4.3
8631,3.6
8632,4.4
8633,4.2
8635,4.6
8636,4.4
8639,4.4
8640,4.4
8641,4.4
8642,4.3
8643,4.4
8644,4.3
8647,4.4
8648,4.4
8650,4.5
8651,3.7
8652,4.6
8653,4.3
8656,3.8
8657,4.3
8658,4.4
8659,4.5
8660,4.2
8662,3.7
8665,4.4
8666,4.4
8667,4.4
8668,4.3
8669,4.8
8673,4.3
8674,3.4
8675,4.4
8676,4.2
8678,4.3
8679,4.3
8680,3.8
8681,4.4
8683,4.6
8687,4.3
8688,4.6
8689,4.4
8690,4.5
8691,4.5
8692,4.5
8693,4.2
8694,4.5
8696,4.6
8700,4.5
8701,4.5
8702,4.2
8703,4.4
8706,4.1
8707,4.5
8708,4.3
8709,4.6
8710,4.2
8711,4.0
8712,4.3
8714,4.3
8715,4.6
8716,4.4
8717,4.5
8719,4.3
8720,4.6
8721,4.3
8722,4.5
8723,4.3
8724,4.2
8726,3.7
8729,3.7
8730,4.4
8731,4.1
8732,4.4
8733,4.2
8734,4.6
8735,4.3
8736,4.4
8737,3.5
8738,4.5
8739,4.5
8740,4.3
8743,3.3
8744,3.9
8748,3.3
8749,4.2
8750,4.2
8751,4.4
8754,4.1
8755,3.6
8757,4.6
8758,4.4
8761,4.5
8762,4.2
8763,4.4
8765,4.4
8768,4.7
8770,3.5
8771,4.1
8772,4.3
8774,3.4
8775,4.4
8776,4.5
8778,4.7
8780,4.3
8781,4.2
8783,4.2
8786,4.4
8787,4.1
8790,4.3
8793,3.0
8794,4.4
8795,4.5
8796,4.4
8797,4.0
8798,4.0
8799,3.5
8800,4.4
8801,4.3
8802,4.6
8804,4.2
8805,4.5
8807,4.1
8808,4.7
8809,4.4
8810,4.1
8811,3.8
8813,3.8
8814,4.5
8815,4.1
8817,4.1
8818,4.8
8819,4.6
8820,4.4
8821,4.5
8822,4.3
8823,4.4
8825,4.3
8826,4.4
8827,4.1
8828,4.4
8829,3.5
8831,4.4
8833,4.6
8835,4.4
8836,4.1
8838,3.8
8839,4.5
8840,4.5
8841,4.3
8842,4.3
8844,3.8
8845,4.1
8846,4.3
8847,4.3
8848,4.1
8849,4.5
8850,4.1
8851,4.5
8853,4.4
8854,4.3
8855,3.6
8857,4.5
8858,4.3
8859,4.2
8860,4.3
8861,4.2
8863,4.3
8864,4.2
8865,4.6
8867,4.1
8869,3.8
8870,4.4
8872,4.3
8873,3.9
8874,2.0
8877,4.2
8878,4.4
8879,3.7
8880,4.6
8882,4.1
8883,4.3
8885,4.2
8886,3.8
8887,4.6
8888,4.5
8889,4.2
8890,4.1
8891,4.5
8894,4.4
8895,3.9
8896,4.2
8898,4.5
8899,4.4
8900,4.7
8901,4.2
8902,4.0
8904,4.2
8908,3.8
8909,3.7
8910,4.3
8912,4.3
8914,4.5
8915,4.3
8918,4.4
8919,4.5
8922,4.3
8925,3.9
8927,3.7
8931,3.8
8932,4.8
8933,4.5
8934,4.3
8935,3.6
8936,4.4
8937,4.1
8938,4.5
8940,4.6
8941,4.5
8943,3.8
8944,4.5
8945,4.4
8946,4.5
8947,4.7
8948,4.7
8949,4.4
8950,4.5
8951,4.0
8952,4.3
8954,3.8
8957,4.4
8959,4.4
8961,3.9
8962,4.5
8963,4.4
8964,4.2
8965,4.2
8966,4.7
8969,4.4
8970,4.8
8974,4.5
8975,4.6
8976,4.4
8980,4.6
8983,4.1
8984,4.5
8987,4.0
8988,4.0
8989,4.4
8990,4.5
8991,4.6
8992,4.2
8994,4.7
8997,4.1
8998,4.3
9000,3.8
9002,4.5
9003,4.1
9005,4.5
9006,4.4
9008,4.6
9009,4.4
9010,3.9
9011,4.4
9017,4.4
9018,4.3
9020,4.5
9021,4.6
9023,4.7
9024,4.3
9025,3.9
9026,3.7
9027,4.3
9028,4.2
9032,4.1
9034,4.1
9035,4.5
9036,4.3
9037,4.5
9038,4.4
9039,4.0
9042,4.5
9043,4.4
9044,4.7
9045,4.2
9048,4.8
9051,4.2
9052,2.3
9053,4.1
9057,4.4
9058,4.3
9059,4.2
9062,4.1
9063,4.8
9065,4.4
9066,4.4
9067,4.6
9069,4.6
9070,4.9
9071,4.1
9074,4.5
9075,4.3
9076,4.4
9081,4.7
9082,4.5
9083,4.2
9084,4.0
9085,4.6
9086,4.4
9087,4.8
9088,4.7
9089,4.4
9090,4.1
9092,4.7
9094,3.8
9098,4.3
9099,3.7
9102,4.7
9105,4.7
9106,4.7
9107,4.9
9109,4.2
9110,4.7
9111,4.8
9112,4.7
9113,4.5
9114,4.7
9115,4.8
9117,4.4
9118,4.5
9119,4.4
9120,4.5
9125,4.7
9129,4.7
9131,4.4
9132,4.0
9134,4.1
9135,4.2
9136,4.5
9137,4.4
9138,4.5
9142,4.0
9143,4.6
9145,4.6
9146,4.9
9147,4.8
9149,4.6
9153,4.9
9154,4.5
9155,4.8
9156,4.6
9158,4.6
9160,4.8
9161,4.1
9162,3.2
9163,4.8
9165,3.9
9166,4.3
9169,4.8
9171,4.2
9172,4.5
9174,4.7
9177,4.6
9178,4.4
9179,4.6
9182,3.4
9183,4.4
9184,4.8
9186,4.8
9188,4.7
9189,4.4
9190,4.3
9191,4.2
9193,4.0
9196,3.6
9199,4.8
9200,3.5
9201,4.7
9202,4.7
9203,4.2
9204,4.6
9205,4.5
9206,4.1
9207,4.6
9209,4.8
9211,4.5
9213,4.1
9214,4.5
9217,4.6
9219,4.8
9220,4.6
9221,4.1
9222,4.8
9223,4.7
9224,4.6
9225,4.7
9227,4.3
9228,4.6
9230,4.7
9231,4.6
9232,4.2
9233,4.6
9234,4.7
9235,4.3
9237,4.8
9239,4.5
9243,4.7
9246,4.4
9247,4.6
9249,4.1
9250,4.5
9252,4.5
9253,4.6
9258,4.8
9260,4.9
9263,5.0
9265,4.7
9267,4.7
9273,4.2
9281,4.6
9286,4.4
9288,4.4
9289,4.4
9290,4.2
9291,4.2
9292,4.4
9294,4.8
9295,3.9
9296,4.5
9297,4.8
9298,4.5
9300,4.7
9303,4.7
9304,4.7
9309,4.7
9311,4.6
9316,4.8
9319,4.9
9320,4.7
9323,4.7
9324,4.1
9327,4.5
9328,4.5
9329,4.6
9330,4.8
9331,4.6
9335,4.2
9336,4.6
9337,4.0
9339,4.6
9340,4.2
9341,4.3
9342,4.5
9343,3.9
9344,4.2
9345,4.2
9346,4.7
9347,4.6
9348,4.1
9351,4.7
9353,4.5
9357,4.2
9358,4.6
9360,4.7
9362,4.7
9363,4.2
9365,3.8
9368,4.5
9369,4.5
9370,3.8
9372,4.6
9375,4.4
9376,4.4
9377,4.6
9380,4.7
9381,4.5
9382,4.7
9383,4.1
9384,4.7
9386,4.5
9387,4.6
9390,4.6
9394,4.0
9396,4.3
9397,4.4
9399,4.7
9400,3.9
9401,4.5
9402,3.9
9403,3.2
9405,4.3
9406,3.6
9408,3.9
9409,4.7
9410,3.3
9411,4.5
9413,4.5
9415,4.6
9418,4.7
9420,4.3
9421,4.4
9422,4.4
9423,4.6
9425,4.6
9431,4.5
9432,3.8
9433,4.6
9434,4.2
9435,4.7
9436,4.5
9437,4.6
9438,4.2
9439,4.3
9440,4.5
9441,4.4
9442,4.4
9443,4.8
9446,4.0
9450,4.4
9451,4.5
9454,4.8
9456,4.6
9457,4.6
9458,4.4
9459,4.6
9460,4.7
9461,4.7
9462,4.5
9463,4.1
9464,4.3
9467,4.2
9468,4.7
9469,4.6
9470,4.8
9471,4.8
9476,4.6
9477,4.6
9480,4.2
9481,3.9
9482,4.6
9484,4.6
9487,4.7
9489,4.8
9491,4.2
9492,4.7
9493,4.8
9494,3.8
9497,4.3
9498,4.2
9501,4.8
9503,4.3
9505,4.7
9508,4.6
9510,4.8
9511,4.7
9513,4.4
9515,4.6
9516,4.3
9517,4.3
9518,4.7
9519,4.5
9520,4.4
9521,4.4
9528,4.4
9529,4.2
9531,4.2
9532,4.7
9533,4.3
9534,4.8
9536,4.5
9538,4.8
9541,4.2
9543,4.6
9545,4.6
9546,4.3
9547,4.6
9548,4.6
9549,4.2
9551,4.1
9552,4.6
9553,4.7
9554,4.1
9555,4.3
9557,4.5
9559,4.3
9560,4.0
9565,4.1
9566,4.2
9569,4.6
9570,2.2
9571,4.7
9573,3.9
9576,4.5
9577,4.4
9579,4.4
9582,4.4
9583,4.7
9584,4.7
9589,4.7
9593,3.9
9597,3.9
9599,4.4
9600,4.5
9601,4.6
9602,4.6
9603,3.7
9605,4.4
9606,4.2
9607,3.0
9612,4.6
9615,4.0
9617,4.4
9618,4.3
9623,4.5
9624,4.5
9625,4.5
9627,3.6
9636,4.3
9648,4.3
9650,2.6
9651,4.0
9652,4.5
9655,4.2
9656,4.0
9658,3.4
9659,4.4
9661,4.3
9666,3.7
9668,4.4
9684,4.0
9688,4.5
9697,4.2
9698,4.6
9700,4.2
9701,4.2
9703,4.7
9707,4.5
9708,4.6
9712,3.9
9723,4.0
9726,4.4
9735,4.2
9738,4.3
9745,4.6
9754,4.6
9757,4.6
9763,3.4
9764,4.3
9768,4.6
9772,4.6
9773,4.3
9777,4.6
9793,4.8
9801,4.1
9802,4.5
9803,4.0
9804,4.5
9806,4.3
9807,4.7
9809,4.8
9810,4.6
9813,4.1
9814,4.6
9815,4.5
9816,4.7
9819,4.5
9821,4.7
9826,4.4
9827,4.7
9829,4.2
9830,4.2
9831,4.2
9832,4.6
9833,4.3
9837,4.1
9838,4.5
9839,3.2
9840,4.5
9842,4.3
9846,4.4
9847,4.1
9848,4.5
9850,4.4
9852,4.4
9854,4.7
9855,4.5
9857,4.6
9858,4.8
9859,4.6
9860,4.7
9861,4.7
9862,3.2
9863,4.5
9864,4.6
9867,3.9
9869,4.4
9870,4.3
9872,3.2
9873,4.3
9874,4.3
9875,4.4
9878,3.9
9882,3.9
9883,4.6
9884,4.1
9887,4.6
9888,4.5
9889,4.6
9890,4.6
9891,4.6
9892,4.7
9893,4.0
9894,4.8
9900,4.5
9901,4.8
9902,4.3
9903,4.6
9904,4.3
9907,4.4
9909,4.4
9910,4.3
9911,3.9
9912,3.9
9913,4.4
9915,4.5
9920,4.7
9925,3.9
9926,4.7
9928,4.2
9929,4.4
9930,4.3
9931,4.4
9932,3.9
9934,4.8
9935,3.9
9941,4.4
9943,4.5
9945,4.6
9946,4.8
9947,4.7
9948,4.6
9949,4.3
9951,4.5
9952,4.5
9954,4.6
9956,4.1
9957,4.7
9959,4.8
9960,4.6
9962,4.3
9963,4.3
9965,4.6
9967,4.6
9969,4.6
9970,4.5
9972,4.6
9975,4.2
9976,4.1
9978,4.4
9979,4.6
9980,4.4
9981,4.7
9982,4.3
9986,4.6
9990,4.6
9991,4.6
9992,4.4
9994,4.6
9996,4.3
9998,4.3
9999,4.6
10000,3.6
10003,4.0
10011,4.1
10016,4.1
10018,4.1
10019,4.6
10021,3.6
10022,4.5
10023,4.3
10024,3.7
10025,4.5
10027,2.3
10029,4.6
10031,4.5
10032,4.5
10033,4.7
10035,4.1
10036,4.4
10040,4.7
10043,4.7
10047,4.7
10049,4.6
10056,4.1
10058,4.2
10059,4.6
10060,4.5
10064,4.4
10065,2.8
10070,4.4
10074,4.7
10075,3.9
10079,4.2
10082,4.6
10083,4.5
10084,4.5
10088,4.6
10091,4.4
10095,3.5
10096,3.9
10098,4.0
10103,4.7
10106,4.5
10107,4.4
10108,4.2
10110,4.4
10112,4.7
10113,4.6
10115,4.7
10116,4.2
10117,4.1
10118,4.7
10119,4.7
10120,3.0
10130,4.6
10132,4.3
10133,4.6
10136,4.2
10141,4.7
10142,4.0
10143,4.2
10145,3.6
10147,4.5
10149,4.3
10157,4.6
10158,4.6
10159,4.5
10161,4.5
10168,4.6
10173,4.6
10177,4.5
10178,4.0
10181,3.8
10187,4.0
10190,3.9
10192,4.7
10196,3.7
10197,4.6
10198,4.7
10199,4.5
10201,4.4
10204,4.1
10206,4.7
10210,3.8
10211,4.5
10212,4.7
10213,4.7
10214,4.5
10216,4.4
10217,4.7
10218,4.2
10219,4.5
10220,4.7
10221,4.6
10222,4.7
10225,4.4
10226,4.5
10230,4.3
10231,4.5
10232,4.2
10233,4.5
10239,3.7
10243,4.3
10245,4.8
10258,4.6
10264,4.3
10265,4.7
10267,4.4
10268,4.1
10269,4.5
10270,3.7
10271,4.6
10273,4.6
10274,4.3
10275,4.6
10281,4.4
10285,4.1
10286,4.5
10292,4.3
10294,4.5
10298,4.1
10301,3.5
10303,4.5
10304,4.5
10307,4.2
10308,4.6
10312,4.8
10319,4.3
10327,4.3
10331,4.6
10334,4.6
10335,4.4
10337,4.5
10338,4.7
10339,4.5
10340,4.4
10342,4.2
10344,4.0
10346,4.5
10347,3.8
10348,4.4
10349,3.4
10352,4.3
10353,4.1
10354,4.8
10356,4.6
10360,4.6
10364,4.4
10365,4.8
10367,4.5
10373,4.4
10374,4.6
10379,4.6
10380,4.7
10381,4.1
10382,4.4
10384,4.7
10385,4.7
10386,4.4
10388,4.5
10396,4.5
10400,4.0
10402,4.2
10403,4.4
10405,4.2
10407,4.1
10413,4.7
10416,4.1
10419,4.4
10420,4.1
10431,4.6
10432,4.5
10433,4.1
10434,4.5
10440,3.9
10444,4.3
10445,4.8
10446,4.7
10447,3.9
10449,4.8
10450,3.8
10451,4.2
10452,3.6
10453,4.6
10454,4.6
10457,4.2
10460,4.2
10462,4.6
10463,4.3
10464,4.6
10466,4.7
10470,4.7
10472,4.2
10474,4.1
10477,4.8
10478,4.5
10479,4.7
10480,3.8
10481,4.5
10486,4.5
10488,4.5
10490,4.7
10491,4.3
10494,4.3
10496,4.2
10497,4.7
10503,4.6
10507,4.6
10508,4.7
10509,4.1
10511,4.8
10518,4.8
10521,4.4
10524,4.5
10532,4.4
10535,4.6
10537,4.1
10539,4.2
10541,3.9
10542,3.8
10549,4.4
10550,4.7
10552,4.7
10554,4.8
10555,4.7
10560,4.0
10561,4.7
10563,4.4
10568,4.4
10573,4.3
10574,4.7
10576,4.4
10583,4.2
10584,4.3
10586,4.3
10589,4.4
10592,4.6
10593,4.6
10595,4.5
10599,4.4
10601,4.7
10602,4.3
10603,4.4
10604,4.4
10605,4.3
10606,4.0
10607,3.8
10611,4.5
10617,4.5
10618,4.4
10623,3.9
10625,3.9
10628,4.6
10629,4.1
10636,4.3
10637,4.8
10638,4.8
10641,4.8
10642,4.7
10644,4.7
10646,4.5
10654,4.8
10656,4.7
10661,4.6
10662,4.1
10664,4.5
10665,4.6
10666,4.7
10669,3.4
10670,4.4
10671,4.7
10674,4.5
10675,4.2
10676,4.3
10681,3.8
10684,4.5
10685,4.6
10687,4.7
10689,4.2
10695,4.6
10696,4.4
10702,4.6
10705,4.6
10707,4.5
10709,4.4
10711,4.6
10713,4.5
10716,4.0
10721,4.7
10722,3.9
10723,4.6
10727,3.6
10728,4.3
10736,3.7
10737,4.1
10738,4.5
10739,4.4
10740,4.5
10744,4.6
10745,4.6
10746,4.3
10748,4.3
10751,4.4
10753,4.6
10754,4.4
10756,4.2
10757,4.7
10759,4.8
10764,4.5
10765,4.8
10769,4.5
10770,4.6
10772,4.6
10774,4.4
10776,4.6
10777,4.3
10785,4.5
10787,4.4
10788,4.3
10789,4.4
10790,4.3
10799,2.9
10804,4.6
10811,4.6
10813,4.3
10817,4.4
10819,5.0
10820,4.6
10822,4.2
10823,4.4
10825,4.2
10831,4.2
10836,4.5
10841,4.5
10842,4.5
10844,3.7
10847,4.5
10848,4.4
10849,4.1
10851,4.2
10853,4.0
10854,4.2
10855,4.8
10856,4.3
10864,3.9
10868,4.0
10870,4.1
10873,4.5
10874,4.7
10880,4.6
10881,4.4
10883,4.0
10884,4.5
10888,4.5
10892,4.5
10898,4.6
10904,4.6
10905,4.0
10907,4.3
10909,4.5
10910,4.3
10911,4.5
10913,4.1
10914,4.7
10915,4.0
10916,3.9
10917,4.7
10918,4.3
10921,4.3
10923,3.8
10924,4.1
10925,4.4
10926,4.6
10930,4.9
10931,4.7
10932,3.3
10938,4.0
10941,4.3
10944,4.2
10945,4.3
10948,4.2
10949,4.6
10950,4.5
10951,4.6
10952,4.7
10954,4.5
10965,3.5
10966,4.7
10969,4.7
10973,4.3
10974,4.5
10978,4.5
10979,3.7
10982,4.7
10985,4.6
10987,4.0
10990,4.2
10991,4.6
10992,4.0
10994,3.8
10995,4.6
10996,4.2
10999,4.2
11001,3.4
11002,4.2
11003,4.3
11006,4.7
11008,4.8
11010,4.7
11011,4.5
11014,4.7
11016,4.5
11017,4.6
11019,4.4
11020,4.6
11024,4.3
11025,4.2
11026,4.6
11029,4.8
11030,4.5
11032,4.7
11037,4.7
11038,4.8
11040,4.3
11042,4.5
11043,4.3
11048,4.5
11049,4.1
11050,4.5
11055,4.3
11056,4.4
11058,4.5
11059,4.3
11061,4.4
11062,4.6
11063,4.5
11064,4.4
11066,4.5
11067,4.5
11075,3.9
11077,4.4
11080,4.6
11082,4.4
11086,4.5
11087,4.4
11088,4.6
11090,4.6
11091,3.9
11092,4.3
11093,4.4
11100,4.0
11101,4.8
11102,3.4
11103,4.7
11107,4.3
11109,4.6
11113,4.5
11115,4.8
11116,4.4
11117,4.7
11122,4.6
11124,3.8
11125,4.3
11126,4.3
11135,4.4
11140,4.6
11141,3.9
11149,4.5
11155,4.7
11161,4.4
11162,4.6
11165,4.4
11170,4.7
11171,4.8
11172,3.6
11174,4.3
11175,4.2
11176,4.6
11177,4.2
11179,3.4
11182,4.6
11184,4.6
11190,4.6
11195,3.2
11201,4.3
11202,4.4
11203,4.8
11204,3.8
11205,4.1
11206,4.5
11208,3.2
11209,4.6
11210,4.2
11213,4.4
11214,4.7
11215,4.7
11218,4.9
11223,4.7
11227,4.4
11229,4.8
11230,4.6
11232,4.2
11237,4.8
11238,4.4
11242,4.6
11248,4.3
11253,4.5
11259,4.7
11262,4.6
11263,3.6
11266,4.5
11267,4.3
11271,4.7
11272,4.6
11274,4.3
11275,4.7
11278,4.7
11281,4.2
11285,4.7
11286,4.4
11287,4.5
11288,4.6
11289,3.8
11291,4.4
11292,4.2
11295,4.8
11297,4.3
11298,4.6
11299,4.6
11303,4.5
11305,3.8
11306,4.1
11308,4.2
11309,4.4
11310,4.7
11311,4.5
11312,4.4
11314,4.6
11316,4.8
11326,4.8
11328,4.5
11331,4.7
11332,4.5
11333,4.5
11334,4.5
11337,4.0
11341,4.6
11344,4.3
11345,4.3
11349,3.9
11350,4.5
11352,4.4
11353,4.6
11354,4.0
11358,4.5
11361,4.5
11363,4.6
11364,4.6
11365,4.0
11369,4.6
11372,4.6
11373,4.5
11375,4.0
11376,4.7
11378,4.5
11379,4.5
11380,4.2
11382,4.3
11383,4.7
11384,4.6
11386,4.4
11387,4.4
11388,4.1
11391,4.7
11392,4.4
11393,3.6
11395,4.0
11399,4.2
11400,3.6
11403,4.3
11406,4.4
11413,4.5
11418,4.4
11419,4.4
11420,4.0
11421,4.6
11423,4.7
11424,4.4
11427,4.6
11429,4.0
11433,4.8
11435,4.4
11436,4.3
11437,4.5
11440,4.4
11441,4.5
11443,4.4
11446,4.5
11450,4.6
11458,4.5
11459,3.9
11462,4.2
11463,4.2
11466,4.5
11474,4.4
11481,4.4
11488,4.5
11493,4.7
11497,4.4
11499,4.1
11500,4.9
11504,4.4
11507,4.4
11513,4.4
11516,4.3
11517,4.5
11520,4.7
11522,4.1
11524,4.6
11525,4.7
11534,4.7
11536,4.5
11537,4.8
11538,4.2
11550,4.0
11553,4.3
11561,4.4
11566,4.5
11569,3.4
11570,3.9
11574,4.3
11577,4.4
11584,3.6
11586,3.8
11587,4.5
11588,4.6
11589,4.1
11592,4.0
11593,4.7
11594,4.4
11597,4.6
11600,4.6
11602,4.5
11605,3.6
11607,4.8
11608,4.3
11613,3.9
11614,4.6
11617,4.6
11618,4.5
11620,4.5
11624,4.7
11626,4.2
11635,3.0
11638,4.5
11640,4.0
11646,4.7
11647,4.2
11649,4.5
11650,4.4
11656,3.8
11665,4.5
11667,3.8
11668,4.2
11669,4.2
11671,4.6
11672,4.5
11675,4.3
11676,3.4
11678,4.5
11679,4.1
11681,4.1
11682,4.7
11685,3.8
11686,4.6
11688,4.7
11689,4.7
11690,4.4
11691,4.5
11692,4.6
11693,4.6
11695,4.4
11696,4.5
11698,4.6
11700,4.5
11704,4.5
11706,4.5
11707,4.4
11708,4.4
11709,4.0
11710,4.2
11712,4.2
11714,4.4
11715,4.3
11717,4.3
11720,4.3
11721,4.6
11722,4.3
11723,4.4
11727,4.6
11728,4.5
11729,4.7
11730,3.8
11731,3.8
11732,4.1
11733,4.2
11734,4.4
11736,4.6
11737,4.6
11739,4.3
11742,4.1
11743,4.2
11745,3.6
11746,3.8
11747,4.2
11748,4.5
11749,4.6
11751,4.1
11752,4.4
11753,4.5
11754,4.3
11755,4.7
11757,4.5
11758,4.7
11759,4.4
11760,4.5
11762,3.9
11763,4.4
11764,4.1
11767,4.2
11768,3.7
11770,4.4
11771,4.4
11773,3.5
11775,4.1
11776,4.8
11777,4.5
11779,4.3
11780,4.4
11781,4.5
11782,4.4
11783,4.4
11784,4.2
11786,4.7
11789,4.6
11790,4.4
11791,3.7
11793,4.5
11795,4.2
11797,4.5
11798,4.5
11801,4.2
11802,4.5
11804,4.6
11805,4.5
11808,4.6
11809,3.8
11810,4.5
11812,4.4
11813,4.6
11814,4.7
11815,4.7
11817,4.3
11820,4.2
11821,4.1
11825,3.6
11826,4.3
11827,4.1
11829,4.0
11831,4.0
11835,4.5
11836,4.7
11837,4.5
11838,4.4
11839,4.6
11842,4.0
11843,4.6
11844,4.5
11846,4.6
11847,4.0
11849,3.9
11853,4.7
11854,4.6
11856,4.5
11857,4.5
11861,3.8
11864,4.4
11865,4.0
11866,4.5
11867,4.5
11870,4.5
11875,4.7
11876,4.7
11877,4.2
11878,4.4
11879,4.3
11880,4.2
11882,4.1
11883,4.4
11885,4.2
11886,3.8
11887,4.2
11892,4.7
11893,4.3
11894,4.3
11896,4.3
11899,4.6
11900,4.6
11903,4.2
11904,4.4
11905,4.4
11906,4.3
11908,4.1
11909,4.1
11911,4.2
11912,4.3
11913,4.3
11914,4.4
11915,4.0
11916,4.4
11920,4.1
11921,4.8
11922,4.8
11924,4.0
11925,4.7
11926,4.2
11927,4.2
11928,4.4
11929,4.1
11932,4.5
11933,4.4
11934,4.2
11936,4.3
11937,4.2
11939,4.2
11941,4.0
11942,4.0
11945,4.6
11947,4.5
11948,4.0
11949,4.5
11950,4.2
11951,4.5
11953,4.3
11954,4.2
11955,3.9
11958,4.0
11959,4.2
11961,3.8
11962,3.6
11964,4.6
11966,4.7
11967,4.5
11969,4.5
11970,4.2
11971,3.9
11973,4.4
11980,4.3
11989,3.5
11990,3.5
11991,4.7
11992,4.6
11993,4.0
11994,4.5
11997,4.3
11998,4.4
11999,4.2
12000,4.2
12001,4.1
12006,4.5
12008,4.5
12009,4.7
12011,4.6
12012,4.3
12016,4.4
12017,4.1
12019,4.3
12022,4.5
12025,3.7
12026,4.1
12028,4.7
12029,4.6
12030,4.4
12033,4.2
12034,4.7
12036,4.6
12039,4.1
12040,4.5
12041,4.4
12042,4.6
12043,4.5
12044,4.6
12045,3.8
12046,4.5
12050,4.5
12053,4.4
12054,4.7
12059,4.4
12060,4.2
12061,4.1
12062,4.1
12063,4.1
12065,4.6
12066,4.6
12067,4.7
12072,4.3
12073,4.7
12076,4.1
12077,4.4
12078,4.7
12080,4.4
12082,4.7
12083,4.6
12086,4.5
12088,4.5
12089,4.8
12091,4.7
12092,4.6
12094,4.6
12100,4.8
12101,4.3
12102,4.5
12106,4.7
12107,4.3
12110,4.7
12111,4.5
12112,4.6
12113,4.3
12114,4.1
12117,4.4
12120,4.7
12121,4.6
12122,4.9
12123,4.7
12124,4.6
12126,4.8
12127,4.7
12128,4.8
12130,4.7
12133,4.6
12135,4.7
12138,4.8
12140,4.3
12141,4.5
12142,4.8
12143,4.8
12144,4.2
12148,4.4
12149,4.8
12151,4.4
12154,4.3
12155,4.7
12156,4.5
12157,4.3
12159,4.6
12161,4.6
12164,4.2
12165,4.7
12166,4.5
12169,4.8
12170,4.7
12171,4.6
12172,4.7
12177,4.7
12178,4.7
12179,4.1
12181,4.8
12187,4.4
12190,4.7
12191,4.5
12196,4.6
12198,4.6
12201,4.1
12202,4.5
12203,4.8
12205,4.2
12206,4.4
12208,4.7
12209,4.3
12210,4.6
12211,4.2
12212,4.4
12213,4.0
12214,4.2
12221,4.7
12223,4.6
12224,4.6
12225,4.3
12226,4.6
12235,4.6
12237,4.6
12239,4.2
12240,4.6
12241,4.4
12245,4.6
12247,4.7
12254,4.6
12256,4.7
12275,4.8
12279,4.6
12280,4.3
12281,4.5
12283,4.6
12284,4.6
12287,4.5
12289,4.5
12291,4.6
12293,4.3
12297,4.6
12298,4.7
12299,4.5
12300,4.6
12301,4.7
12307,4.4
12308,4.6
12316,4.8
12317,4.2
12320,4.2
12321,4.4
12322,4.6
12324,4.6
12325,4.5
12326,4.5
12328,4.4
12340,4.5
12341,4.3
12343,4.6
12344,4.5
12347,4.4
12348,4.4
12349,4.7
12350,4.5
12352,4.8
12353,4.6
12354,4.8
12356,4.4
12358,4.6
12359,4.0
12360,4.4
12367,4.6
12368,4.5
12374,4.3
12377,4.8
12379,4.4
12380,4.3
12382,4.6
12383,4.6
12384,4.6
12385,4.2
12386,4.2
12392,4.5
12395,4.6
12398,4.7
12401,4.4
12402,4.3
12405,4.6
12407,4.5
12409,4.7
12410,4.4
12412,4.8
12413,4.7
12415,4.4
12416,3.8
12418,4.5
12419,4.8
12421,4.4
12422,4.7
12426,4.6
12428,4.6
12432,4.5
12433,4.5
12439,4.7
12440,4.5
12441,4.4
12446,4.7
12448,4.4
12455,4.8
12463,2.0
12466,4.2
12468,4.4
12473,4.6
12475,4.4
12479,4.3
12481,4.6
12482,4.6
12484,4.7
12488,4.7
12489,4.4
12490,4.9
12492,4.8
12493,4.5
12494,4.6
12502,4.6
12504,4.7
12506,4.6
12508,3.7
12509,4.3
12512,4.3
12521,4.4
12522,4.5
12523,4.3
12526,4.7
12527,4.5
12528,4.3
12529,4.7
12532,4.6
12535,4.7
12538,4.6
12539,4.5
12543,4.3
12546,4.7
12549,4.6
12554,4.6
12557,4.4
12558,4.6
12562,4.5
12566,4.4
12567,4.5
12571,4.4
12577,4.7
12578,4.1
12579,4.4
12580,3.9
12581,4.5
12582,4.6
12583,4.6
12585,3.8
12590,4.5
12592,4.3
12594,4.4
12595,4.6
12596,4.5
12599,4.4
12600,4.1
12601,4.6
12604,4.7
12610,4.6
12612,4.5
12615,4.6
12617,4.0
12618,4.8
12619,4.6
12620,4.5
12621,4.3
12622,4.6
12623,4.0
12624,4.3
12625,4.4
12626,4.1
12632,3.9
12633,4.3
12634,4.4
12640,4.8
12641,4.6
12643,4.5
12645,4.3
12649,4.3
12651,4.5
12653,4.7
12656,4.2
12657,4.4
12659,4.6
12662,4.9
12666,4.2
12668,3.2
12675,4.1
12677,4.6
12678,4.7
12680,4.6
12681,4.7
12682,4.7
12685,4.4
12690,4.6
12696,4.4
12697,4.8
12698,4.7
12701,4.5
12704,4.5
12706,4.4
12710,4.4
12712,4.7
12714,4.6
12715,4.5
12717,4.4
12720,4.8
12721,4.0
12722,4.2
12723,4.6
12725,4.7
12727,4.5
12728,4.6
12729,4.1
12730,4.7
12731,3.9
12732,4.6
12733,4.5
12734,4.4
12736,4.4
12737,4.8
12740,4.5
12745,4.5
12746,3.0
12747,4.4
12748,4.2
12749,4.5
12751,4.2
12754,4.7
12756,4.0
12759,4.2
12760,4.0
12761,4.4
12765,4.4
12766,4.7
12767,4.3
12768,4.3
12769,4.6
12771,4.7
12772,4.3
12774,4.6
12775,4.6
12776,4.5
12777,4.3
12778,4.5
12780,4.5
12781,4.3
12782,4.5
12786,4.0
12787,4.4
12788,4.7
12789,4.9
12790,3.9
12795,4.4
12798,4.4
12799,4.4
12800,4.6
12801,4.8
12804,4.5
12805,4.3
12806,4.2
12807,4.1
12810,4.3
12812,4.4
12814,4.0
12816,4.8
12818,4.4
12819,4.4
12820,4.6
12823,4.4
12824,4.3
12825,4.2
12826,4.2
12827,4.5
12830,4.2
12831,4.3
12832,4.7
12835,4.2
12836,4.3
12837,4.6
12839,4.5
12842,4.4
12843,3.9
12845,4.5
12846,4.5
12847,4.4
12851,4.3
12852,4.4
12853,4.4
12854,4.3
12855,4.6
12856,4.5
12858,4.0
12860,4.3
12861,4.5
12862,4.5
12865,2.9
12866,4.8
12869,4.6
12870,4.5
12872,4.4
12873,4.4
12876,4.3
12877,4.6
12880,4.6
12881,4.3
12882,4.3
12883,4.4
12889,4.4
12890,4.6
12891,4.3
12892,4.5
12893,4.7
12894,4.1
12895,4.4
12897,4.7
12899,4.7
12900,4.5
12901,4.1
12903,3.6
12905,4.6
12906,4.5
12907,4.7
12909,4.3
12911,4.3
12912,4.0
12918,4.7
12921,4.6
12922,4.8
12923,4.6
12924,4.0
12926,4.4
12927,4.7
12931,4.8
12932,4.3
12933,4.4
12935,4.2
12936,4.2
12937,3.9
12938,4.5
12940,4.7
12942,4.8
12944,4.4
12946,4.5
12947,3.8
12949,4.3
12950,4.6
12954,4.5
12955,4.4
12956,4.5
12960,4.4
12963,4.4
12965,4.4
12967,4.0
12968,4.7
12969,4.1
12971,4.6
12974,4.6
12975,4.2
12976,4.3
12978,4.3
12979,4.6
12981,4.6
12982,4.8
12983,4.7
12984,4.6
12986,3.8
12988,4.4
12989,4.6
12990,4.5
12991,4.4
12992,4.7
12996,4.5
12997,4.7
12998,4.5
12999,4.6
13000,3.8
13003,4.8
13004,4.5
13006,4.3
13009,4.6
13010,4.7
13011,4.4
13014,4.2
13017,4.3
13018,4.5
13019,4.7
13021,4.5
13022,4.7
13023,4.7
13024,4.6
13025,4.4
13027,4.2
13028,4.7
13029,4.6
13030,4.6
13031,4.0
13032,4.6
13033,4.1
13034,3.9
13035,4.7
13039,4.2
13041,4.6
13043,4.7
13045,4.6
13047,4.7
13050,4.8
13055,4.5
13057,4.6
13058,4.5
13059,4.1
13060,4.6
13062,4.5
13063,4.6
13064,4.5
13067,4.4
13069,4.1
13071,4.7
13072,4.6
13073,4.4
13075,4.7
13076,4.6
13078,4.5
13079,4.8
13080,4.6
13081,4.7
13082,4.8
13083,4.2
13085,4.2
13086,4.1
13087,4.8
13092,4.6
13096,4.7
13097,4.6
13099,4.1
13100,4.5
13101,3.8
13102,4.7
13103,4.4
13104,4.7
13105,4.0
13106,4.3
13107,4.7
13110,4.6
13112,4.5
13113,4.6
13114,4.7
13116,4.5
13117,4.6
13120,4.4
13121,4.6
13123,4.7
13126,4.7
13128,4.1
13129,4.5
13131,4.5
13133,4.6
13135,4.3
13137,4.4
13145,4.7
13146,4.7
13148,4.0
13149,4.7
13150,3.8
13153,4.0
13157,4.5
13159,4.5
13160,4.6
13161,4.4
13162,4.5
13163,4.5
13167,4.5
13172,4.3
13176,4.3
13179,4.1
13181,3.6
13182,4.6
13183,4.7
13185,4.3
13187,4.7
13188,4.2
13189,4.5
13194,4.6
13195,4.5
13197,4.2
13199,4.6
13200,4.6
13201,4.6
13202,4.7
13203,4.5
13206,4.6
13207,4.4
13208,4.3
13209,4.5
13210,4.3
13211,4.6
13212,4.5
13214,4.7
13216,4.4
13217,3.4
13218,4.7
13220,4.7
13226,4.2
13227,4.8
13228,3.2
13231,4.4
13237,4.5
13238,4.7
13239,4.7
13241,4.4
13244,4.3
13245,4.5
13246,4.5
13253,4.0
13256,4.1
13263,4.5
13266,4.0
13267,4.1
13268,4.6
13269,4.2
13270,4.7
13271,4.2
13275,4.7
13287,4.3
13288,4.6
13289,4.5
13291,4.5
13293,4.4
13294,4.5
13296,4.5
13297,4.2
13298,4.1
13300,4.5
13303,4.5
13307,4.5
13309,4.6
13310,4.7
13311,4.3
13312,4.5
13313,4.5
13315,4.5
13316,4.8
13323,4.5
13325,4.4
13329,4.7
13333,4.7
13334,4.6
13335,3.9
13336,4.5
13337,4.5
13338,4.6
13339,4.6
13342,4.6
13343,4.3
13345,4.5
13346,4.6
13347,4.7
13348,4.6
13349,4.5
13351,4.7
13352,4.5
13353,4.5
13354,4.5
13355,4.6
13357,4.5
13358,4.5
13362,4.3
13367,4.6
13368,4.8
13370,4.7
13373,4.6
13375,4.5
13376,4.8
13377,4.5
13378,4.6
13380,4.5
13381,4.5
13384,4.7
13386,3.7
13388,4.8
13389,4.7
13390,4.3
13392,4.3
13393,4.4
13394,4.6
13397,4.4
13398,4.7
13399,4.5
13400,4.7
13401,4.5
13404,4.7
13410,4.6
13411,4.6
13412,4.5
13416,4.3
13418,4.3
13420,3.0
13422,4.6
13423,4.6
13424,4.0
13426,4.4
13429,4.3
13430,4.3
13432,4.4
13434,4.7
13435,4.6
13436,4.9
13437,4.6
13439,3.6
13440,4.7
13441,4.5
13443,4.7
13445,4.5
13449,4.7
13451,4.4
13453,4.7
13455,4.2
13456,4.1
13458,4.8
13459,4.7
13460,4.4
13461,4.4
13462,4.8
13463,4.5
13464,4.8
13465,4.8
13466,4.4
13467,4.6
13468,4.5
13472,4.1
13473,3.8
13474,4.8
13476,4.5
13477,4.8
13478,4.6
13479,4.8
13480,4.7
13481,4.9
13482,4.8
13483,4.7
13484,4.2
13488,4.7
13489,4.8
13490,4.8
13493,4.8
13495,4.8
13496,4.4
13497,4.4
13499,4.4
13500,4.5
13501,4.9
13502,4.3
13504,4.2
13506,4.6
13508,4.2
13509,4.4
13510,3.4
13513,4.7
13514,3.8
13516,4.2
13517,4.4
13518,4.8
13521,4.7
13522,4.8
13523,4.8
13524,4.6
13525,4.8
13527,4.2
13528,4.4
13531,4.2
13534,4.3
13538,3.4
13539,4.8
13540,4.5
13541,4.3
13543,4.4
13544,3.1
13546,4.2
13548,4.5
13551,4.7
13552,4.5
13553,4.4
13554,4.6
13555,4.4
13556,1.8
13564,4.7
13566,4.6
13567,4.7
13570,4.8
13571,4.5
13572,4.0
13573,3.9
13578,4.7
13579,3.9
13580,4.6
13581,4.7
13582,4.4
13584,4.6
13585,3.9
13586,4.4
13587,4.2
13588,4.3
13589,4.5
13590,4.6
13592,4.2
13593,4.6
13594,4.4
13595,4.7
13598,4.6
13599,4.1
13601,4.7
13602,4.5
13603,5.0
13606,4.4
13607,3.8
13608,4.6
13609,4.1
13611,4.4
13615,4.6
13617,4.7
13618,4.5
13619,3.7
13620,4.2
13622,4.7
13627,4.6
13628,4.7
13630,4.6
13632,4.6
13634,4.4
13636,4.6
13637,4.6
13638,4.2
13639,4.5
13643,4.8
13644,4.4
13647,4.2
13648,4.3
13649,4.7
13650,4.8
13651,4.8
13652,4.8
13653,4.9
13654,4.6
13657,4.4
13658,4.5
13660,4.4
13662,4.8
13663,4.8
13664,4.5
13667,4.3
13669,4.6
13670,3.7
13671,4.5
13672,4.0
13675,4.7
13680,4.6
13681,4.7
13684,4.6
13687,4.4
13688,4.7
13691,4.4
13693,4.8
13695,4.4
13696,4.2
13697,4.5
13701,4.3
13707,4.4
13710,4.3
13711,4.6
13713,4.4
13714,4.4
13715,4.7
13717,4.5
13718,4.7
13720,4.9
13721,4.6
13724,4.8
13729,4.5
13731,4.8
13732,4.2
13735,3.9
13740,4.2
13741,3.7
13742,4.7
13743,4.7
13744,4.2
13750,4.6
13751,4.5
13752,4.6
13754,4.6
13755,4.5
13756,4.8
13757,4.4
13760,4.7
13761,4.7
13762,4.8
13763,4.3
13767,4.7
13768,4.5
13769,4.1
13772,4.3
13774,4.5
13775,4.5
13776,4.4
13784,4.6
13787,4.8
13789,4.4
13790,4.6
13791,4.0
13792,4.7
13794,4.9
13795,4.6
13797,4.5
13799,4.6
13801,4.7
13802,4.5
13803,4.7
13804,4.6
13806,4.3
13807,4.9
13809,3.2
13810,4.7
13811,4.7
13813,4.6
13814,4.5
13819,4.5
13820,4.8
13821,3.6
13824,4.8
13827,4.7
13829,4.4
13831,4.5
13837,4.3
13838,4.9
13839,4.5
13840,4.4
13841,4.7
13845,4.2
13848,4.8
13849,4.5
13850,4.8
13851,4.6
13852,4.3
13856,4.7
13858,4.6
13859,4.7
13861,4.5
13867,4.2
13869,4.6
13870,4.1
13871,4.8
13872,4.6
13881,4.0
13883,4.7
13884,4.6
13885,4.3
13886,4.5
13887,4.5
13889,4.5
13890,4.5
13891,3.8
13892,4.4
13893,4.1
13894,4.2
13896,4.5
13897,4.3
13898,4.1
13900,4.4
13901,4.5
13902,4.0
13903,4.2
13905,4.0
13906,4.3
13907,4.4
13911,4.4
13913,4.4
13914,4.5
13915,4.6
13916,4.3
13917,4.3
13920,4.2
13924,3.7
13925,4.2
13927,3.7
13928,4.4
13930,4.7
13932,4.6
13933,4.8
13934,4.7
13935,4.5
13937,4.7
13938,4.5
13940,3.8
13941,4.5
13942,4.2
13943,4.3
13944,4.5
13947,3.8
13948,4.5
13949,4.4
13953,4.2
13954,4.3
13961,4.4
13963,4.4
13974,4.0
13976,4.2
13977,4.9
13978,4.5
13980,4.6
13981,4.4
13982,4.1
13984,4.2
13985,4.4
13988,4.6
13989,4.6
13991,4.1
13993,4.7
13994,4.2
13995,4.4
13996,4.7
13998,4.1
13999,4.3
14004,4.5
14006,4.6
14009,4.8
14015,4.6
14016,4.6
14017,3.8
14018,4.6
14019,4.4
14020,4.6
14021,4.4
14022,4.3
14023,4.4
14024,4.1
14027,4.5
14033,4.7
14035,4.4
14036,4.2
14037,4.4
14040,3.4
14041,4.5
14044,4.3
14045,4.5
14047,4.4
14048,4.5
14050,4.6
14054,4.3
14056,4.7
14057,4.8
14059,4.1
14061,3.7
14063,4.4
14064,4.6
14065,4.5
14066,4.1
14067,4.3
14069,4.4
14073,4.5
14081,4.8
14082,4.5
14086,4.5
14087,4.3
14088,4.5
14089,4.6
14090,4.3
14091,4.0
14095,4.5
14097,4.5
14101,4.7
14105,4.3
14106,4.4
14108,4.4
14109,4.2
14110,4.4
14112,4.3
14113,4.2
14114,4.5
14115,3.7
14117,4.5
14118,4.3
14119,4.5
14120,4.4
14122,4.7
14126,4.5
14127,4.2
14129,4.8
14131,4.5
14132,4.7
14134,4.5
14135,4.6
14136,4.1
14137,4.2
14138,4.6
14140,4.1
14142,4.5
14144,4.5
14146,4.6
14147,4.4
14148,4.5
14150,4.7
14151,4.4
14152,4.4
14153,4.7
14154,4.7
14155,4.4
14156,4.7
14157,4.4
14158,4.5
14159,4.1
14160,4.7
14162,4.4
14163,4.2
14165,4.8
14168,4.3
14169,4.8
14170,4.7
14172,4.8
14173,4.8
14176,4.7
14178,4.9
14179,4.3
14180,4.7
14181,4.3
14184,4.5
14185,4.7
14186,4.8
14187,4.6
14188,4.0
14190,4.7
14191,4.2
14193,4.4
14195,4.4
14196,4.6
14197,4.6
14198,4.1
14200,4.1
14201,4.3
14204,4.8
14206,4.4
14208,4.4
14209,4.0
14210,4.4
14211,4.4
14212,4.8
14219,4.6
14223,4.8
14224,3.4
14225,4.3
14228,4.3
14229,4.5
14230,4.8
14231,4.8
14234,4.9
14235,4.2
14237,4.7
14238,4.5
14239,4.5
14243,4.7
14244,4.6
14245,4.6
14246,4.5
14247,4.6
14249,4.5
14251,4.5
14252,4.7
14253,4.2
14255,4.8
14256,4.5
14258,4.6
14259,4.5
14260,4.4
14261,3.8
14263,4.6
14264,4.6
14266,3.6
14267,4.7
14271,4.5
14275,4.6
14276,4.8
14278,4.6
14279,3.5
14280,4.8
14281,4.6
14282,4.6
14285,4.7
14286,4.8
14290,4.7
14291,4.8
14293,4.7
14294,4.7
14295,4.7
14297,4.6
14298,4.5
14301,4.5
14302,4.0
14303,4.3
14304,4.8
14305,4.9
14307,4.6
14310,4.4
14311,4.6
14313,4.5
14316,4.7
14318,4.5
14321,4.6
14322,3.7
14325,4.6
14329,3.9
14332,4.6
14334,4.2
14335,4.3
14338,4.8
14339,4.5
14341,4.7
14342,4.5
14343,4.6
14344,4.5
14345,4.5
14348,4.5
14349,4.6
14350,4.7
14351,4.7
14354,4.6
14357,4.6
14362,4.7
14363,4.8
14368,3.9
14370,4.4
14372,4.1
14373,4.5
14374,4.8
14377,4.2
14379,4.8
14381,4.5
14382,4.1
14383,4.5
14385,4.6
14388,4.7
14389,4.8
14392,4.7
14397,4.2
14398,4.7
14399,4.7
14400,4.5
14401,4.7
14402,4.8
14403,4.6
14406,4.5
14407,4.5
14411,4.6
14412,4.5
14413,4.1
14415,4.8
14419,4.2
14425,4.2
14430,4.6
14431,4.7
14434,4.2
14437,4.1
14438,4.4
14439,4.6
14440,4.7
14441,4.6
14443,4.5
14445,4.8
14447,4.7
14448,4.7
14453,4.5
14456,4.6
14458,4.5
14460,4.3
14461,4.6
14463,4.1
14464,4.6
14465,4.7
14468,4.0
14469,4.8
14471,4.5
14477,4.3
14481,4.5
14482,4.0
14484,4.6
14486,4.2
14487,4.6
14490,4.0
14491,4.0
14495,4.6
14496,4.3
14497,4.6
14498,4.0
14499,4.4
14502,4.5
14503,4.6
14504,4.9
14506,4.5
14510,4.3
14511,4.5
14514,4.4
14517,4.2
14518,4.1
14519,4.1
14520,4.6
14521,4.7
14522,4.7
14524,4.6
14525,3.9
14526,4.5
14527,4.5
14528,4.6
14530,4.6
14531,4.7
14532,4.5
14533,4.6
14534,4.4
14535,4.5
14537,4.4
14539,4.6
14541,4.5
14542,4.7
14543,4.4
14544,4.7
14545,4.5
14546,4.7
14549,4.5
14551,3.9
14553,4.0
14554,4.4
14556,4.5
14557,4.8
14558,4.6
14562,4.6
14564,4.7
14565,4.8
14567,4.7
14572,4.6
14573,4.2
14580,4.7
14581,4.5
14582,4.6
14584,4.8
14585,4.3
14586,4.0
14587,4.2
14588,4.5
14589,4.4
14591,4.5
14592,4.4
14593,3.8
14594,4.5
14595,4.4
14597,4.6
14600,4.5
14601,4.0
14602,4.6
14603,3.8
14604,4.1
14605,4.2
14606,4.9
14608,4.6
14609,4.5
14610,4.4
14611,4.1
14612,4.4
14613,4.4
14616,4.2
14618,4.6
14619,4.5
14620,4.4
14621,4.6
14622,4.3
14623,4.7
14624,4.6
14626,3.8
14628,3.2
14629,4.5
14630,4.8
14631,4.8
14632,4.4
14636,4.1
14637,4.2
14638,4.0
14639,4.6
14640,3.7
14641,3.9
14642,4.7
14643,4.2
14644,4.4
14645,4.4
14646,4.7
14647,4.5
14648,4.4
14651,4.6
14652,4.2
14654,4.3
14655,4.5
14656,4.5
14657,4.5
14658,4.3
14659,4.6
14660,4.5
14666,4.8
14667,4.8
14668,3.5
14670,4.4
14673,4.7
14676,4.3
14677,4.2
14679,4.5
14680,4.2
14681,4.0
14684,4.3
14685,4.5
14687,4.2
14688,4.4
14689,4.5
14690,4.3
14692,4.5
14693,4.4
14694,4.6
14697,3.9
14698,4.1
14700,4.6
14701,4.7
14702,4.3
14703,4.2
14704,4.4
14705,4.1
14708,4.4
14710,4.7
14712,4.5
14713,4.7
14714,4.5
14715,4.3
14717,4.2
14718,4.6
14719,4.3
14720,4.2
14721,3.6
14722,4.2
14723,4.2
14724,4.5
14725,3.7
14726,4.7
14727,4.6
14729,4.2
14730,4.7
14731,4.7
14732,3.7
14734,3.7
14735,4.1
14736,4.3
14737,4.2
14739,4.4
14740,4.4
14741,4.7
14743,3.6
14745,4.7
14746,4.5
14747,4.0
14749,4.4
14750,4.0
14751,4.0
14753,4.4
14754,3.9
14755,4.6
14756,4.4
14758,3.9
14759,4.6
14762,4.0
14763,4.2
14764,4.3
14765,4.6
14766,4.0
14767,4.4
14768,4.5
14769,4.3
14770,3.8
14772,4.0
14773,4.7
14780,4.6
14781,4.7
14782,4.2
14785,4.0
14786,4.6
14799,3.2
14800,4.3
14803,4.7
14809,4.5
14810,4.6
14811,4.7
14812,4.4
14814,4.4
14816,4.6
14817,4.4
14818,4.3
14820,4.5
14822,4.5
14825,4.7
14826,3.9
14827,4.7
14829,4.5
14830,4.6
14831,4.6
14832,4.3
14834,4.6
14837,4.2
14838,4.5
14841,3.9
14845,3.7
14847,4.3
14848,4.7
14849,4.4
14850,4.0
14853,4.3
14856,4.5
14857,4.6
14859,4.2
14860,4.5
14861,4.8
14862,4.5
14864,4.4
14865,4.5
14870,4.5
14873,4.7
14874,4.4
14875,4.3
14876,4.2
14877,4.5
14878,4.6
14880,4.7
14881,4.2
14883,4.5
14884,4.2
14895,4.7
14898,3.9
14899,4.6
14900,4.2
14906,4.8
14911,4.7
14912,4.5
14916,4.5
14918,3.9
14919,4.8
14920,4.6
14922,4.3
14923,4.6
14924,3.9
14927,4.6
14928,4.3
14930,4.8
14932,4.1
14936,4.5
14938,4.7
14939,4.8
14940,4.5
14941,4.3
14942,4.4
14943,4.6
14944,4.6
14945,4.3
14948,4.6
14950,4.7
14951,4.6
14952,3.4
14961,4.5
14962,4.4
14966,4.7
14967,4.7
14968,4.7
14972,4.5
14973,3.6
14976,4.9
14977,3.8
14978,4.7
14979,4.2
14980,4.5
14984,4.6
14985,4.6
14986,4.7
14987,4.4
14989,4.3
14991,4.5
14992,4.4
14993,4.6
14995,4.0
14996,3.9
14998,4.5
14999,4.4
15000,4.1
15002,4.1
15003,4.7
15004,4.4
15005,4.3
15006,4.7
15007,4.4
15009,4.3
15010,4.3
15013,4.3
15014,4.6
15015,4.7
15017,3.8
15018,4.7
15019,4.7
15020,4.2
15021,4.7
15022,4.7
15024,4.2
15025,4.4
15027,4.7
15028,4.6
15029,4.6
15030,4.4
15031,4.6
15032,4.3
15034,4.6
15035,4.5
15036,4.5
15037,4.7
15038,4.6
15041,4.5
15043,4.6
15044,4.5
15045,4.2
15046,4.3
15047,4.4
15049,4.4
15050,4.9
15051,4.6
15052,4.3
15053,4.2
15055,4.6
15057,4.5
15058,4.7
15059,4.4
15062,4.1
15063,4.4
15066,3.5
15067,4.6
15068,4.2
15069,4.7
15070,4.6
15072,4.1
15073,4.3
15075,4.7
15076,3.9
15077,4.7
15079,4.4
15082,4.7
15083,3.9
15084,4.7
15085,4.6
15089,4.1
15091,3.7
15092,4.7
15093,4.6
15094,4.6
15097,4.7
15102,4.3
15106,4.8
15107,4.1
15108,4.7
15109,3.6
15110,3.9
15113,4.7
15114,4.5
15118,4.7
15120,4.4
15121,4.5
15123,4.1
15124,4.4
15125,4.5
15128,3.8
15131,4.5
15132,4.3
15134,4.5
15136,4.3
15138,4.5
15139,4.3
15141,4.6
15142,4.5
15143,4.1
15144,3.9
15146,4.6
15148,4.3
15149,4.4
15151,4.6
15152,4.5
15155,4.6
15156,3.7
15157,4.7
15158,4.3
15159,4.6
15161,4.5
15163,4.7
15164,4.3
15166,4.6
15167,3.9
15169,4.5
15170,4.1
15171,4.6
15172,3.8
15173,4.6
15174,4.8
15176,4.5
15177,4.3
15179,4.2
15181,4.3
15183,4.1
15184,4.6
15185,1.9
15190,4.4
15191,4.2
15192,4.5
15194,4.2
15196,4.5
15199,4.2
15205,4.0
15206,4.5
15209,3.6
15210,4.1
15211,4.5
15212,4.7
15213,4.4
15214,3.9
15215,4.4
15217,4.7
15221,4.4
15222,4.4
15224,4.0
15225,4.5
15226,4.3
15227,4.0
15228,4.3
15229,4.1
15232,4.5
15233,4.3
15235,4.6
15236,4.6
15238,3.8
15241,4.7
15242,4.1
15243,4.4
15247,3.8
15249,4.4
15250,4.8
15251,4.3
15253,3.8
15257,4.4
15258,4.4
15259,4.7
15260,4.4
15261,4.0
15262,4.8
15263,3.7
15265,4.3
15266,4.2
15267,4.6
15268,4.5
15272,3.3
15273,4.4
15274,4.1
15276,4.6
15279,4.5
15282,4.7
15283,4.5
15284,4.2
15289,4.6
15293,3.6
15294,4.6
15295,4.6
15296,4.2
15297,5.0
15300,4.6
15301,4.0
15302,4.4
15303,4.3
15306,4.5
15311,4.7
15313,4.5
15314,4.4
15317,4.7
15319,4.2
15321,4.0
15328,4.6
15330,4.6
15334,4.6
15335,4.2
15336,4.5
15338,4.2
15339,4.5
15340,4.7
15346,4.7
15347,4.4
15348,4.5
15350,3.9
15351,3.9
15352,4.1
15353,4.6
15355,4.1
15356,4.5
15359,4.4
15360,4.2
15361,4.6
15362,4.6
15364,4.2
15367,4.6
15368,3.9
15370,4.2
15372,4.1
15373,4.5
15374,3.7
15375,4.7
15378,4.2
15379,4.5
15383,4.6
15384,4.4
15385,4.2
15386,4.4
15388,4.2
15389,3.5
15391,4.7
15395,4.3
15399,4.7
15400,4.5
15401,4.7
15403,4.5
15404,4.7
15406,4.3
15407,4.7
15408,4.1
15410,4.6
15412,4.2
15413,4.2
15416,4.3
15417,4.8
15419,4.5
15420,4.8
15424,4.5
15425,4.6
15426,4.2
15427,4.7
15430,4.6
15431,4.1
15432,4.6
15436,4.4
15439,4.7
15441,4.5
15442,4.5
15443,4.4
15445,4.2
15448,4.7
15449,4.0
15451,4.5
15454,4.5
15456,4.2
15459,4.5
15460,4.6
15462,4.5
15466,4.2
15469,4.7
15474,4.2
15475,4.6
15476,4.6
15479,4.7
15482,4.7
15483,4.6
15485,4.6
15486,4.4
15489,4.6
15490,3.7
15491,4.9
15492,4.9
15493,4.3
15494,4.2
15501,3.9
15502,4.4
15503,4.4
15504,4.7
15506,4.8
15509,4.4
15510,4.5
15514,3.4
15515,4.4
15516,4.7
15522,4.3
15523,4.5
15525,4.1
15528,4.5
15529,3.5
15530,4.3
15531,4.6
15532,4.6
15535,4.1
15536,3.7
15537,4.8
15542,4.5
15545,4.5
15546,4.3
15547,4.3
15548,4.4
15549,4.6
15551,4.3
15553,4.6
15556,4.4
15559,4.4
15560,4.6
15564,4.6
15565,4.7
15568,4.5
15570,4.5
15572,4.4
15574,4.7
15577,4.7
15579,4.3
15581,4.7
15582,3.8
15585,4.5
15587,4.7
15588,4.3
15591,4.5
15592,4.4
15595,4.5
15598,4.2
15601,4.5
15603,4.6
15604,4.3
15605,4.6
15606,4.6
15607,4.4
15611,4.1
15613,4.2
15615,4.8
15618,4.5
15620,4.8
15622,4.2
15624,3.2
15626,4.5
15633,4.8
15635,4.6
15636,4.3
15640,4.1
15641,4.6
15642,4.6
15643,4.4
15644,4.5
15645,4.3
15646,4.2
15648,4.6
15649,4.9
15650,4.0
15652,4.4
15654,4.6
15655,4.3
15656,4.7
15659,4.8
15662,4.1
15666,4.5
15669,4.7
15675,4.2
15676,4.7
15677,4.5
15679,4.4
15683,4.6
15684,4.7
15691,4.7
15697,4.5
15698,3.2
15699,4.5
15700,4.6
15701,3.7
15702,4.5
15704,3.9
15708,4.2
15709,4.3
15710,4.6
15713,3.0
15714,4.5
15715,4.6
15719,4.4
15720,4.7
15721,4.5
15722,4.6
15723,4.4
15725,4.6
15730,4.8
15732,4.7
15733,4.5
15735,4.8
15736,3.6
15738,4.9
15739,4.6
15741,4.6
15744,4.1
15745,4.4
15746,4.7
15747,4.7
15748,4.7
15750,4.6
15753,4.4
15755,4.6
15756,4.3
15760,4.8
15762,4.5
15763,4.3
15765,4.5
15767,4.7
15768,4.6
15771,4.0
15773,3.9
15779,4.3
15781,4.3
15782,4.6
15784,4.6
15787,4.7
15789,4.6
15790,4.5
15802,4.6
15805,4.7
15806,3.9
15807,4.4
15808,4.5
15810,4.8
15811,4.4
15814,4.8
15816,4.7
15817,4.4
15819,4.6
15820,4.7
15821,4.5
15823,4.6
15825,4.7
15828,4.0
15833,4.5
15834,4.4
15835,4.5
15836,4.6
15840,4.7
15841,4.4
15849,4.6
15850,4.2
15853,3.8
15854,4.4
15856,4.5
15857,4.1
15862,4.5
15866,4.2
15867,4.6
15868,4.4
15869,4.6
15872,4.2
15879,4.4
15880,4.8
15887,4.5
15889,3.8
15892,4.4
15895,4.8
15897,3.5
15902,4.8
15903,4.6
15904,4.7
15906,3.6
15908,4.6
15911,4.3
15912,4.4
15913,4.4
15915,4.7
15916,4.5
15917,4.8
15918,4.3
15919,4.1
15921,4.3
15925,4.5
15927,4.2
15929,4.7
15930,4.4
15931,4.2
15933,4.7
15934,4.7
15936,4.0
15937,4.6
15938,4.8
15939,4.1
15940,4.5
15942,4.5
15944,4.6
15947,4.7
15951,4.3
15952,4.1
15954,4.4
15956,4.6
15961,4.6
15964,4.5
15965,4.6
15967,4.9
15968,4.1
15970,4.9
15971,4.7
15983,4.1
15985,4.6
15987,4.7
15991,4.7
15993,4.4
15994,4.6
15995,4.8
15998,4.7
16001,4.3
16006,4.6
16010,4.4
16013,4.3
16014,4.6
16015,4.5
16016,4.6
16017,4.3
16018,4.6
16019,4.1
16022,4.4
16023,4.7
16024,4.4
16025,4.8
16027,4.6
16029,4.2
16031,4.1
16033,3.4
16034,4.7
16035,4.7
16036,3.6
16042,4.1
16047,4.9
16048,4.7
16049,4.7
16052,4.4
16060,4.8
16062,4.3
16063,4.6
16065,4.2
16066,4.7
16068,3.6
16073,4.5
16074,4.4
16075,4.6
16076,4.2
16080,4.7
16081,4.1
16082,4.6
16084,4.3
16085,4.8
16086,4.0
16088,3.3
16089,4.2
16090,4.6
16091,4.8
16092,3.9
16097,4.7
16098,4.8
16099,4.4
16100,4.6
16102,4.4
16104,4.2
16105,4.1
16106,3.4
16109,4.6
16110,4.7
16111,4.2
16112,4.5
16113,4.3
16115,4.8
16118,4.6
16120,4.5
16122,4.6
16123,4.3
16126,4.6
16129,4.8
16130,4.4
16131,4.6
16135,4.5
16138,4.6
16142,4.7
16145,4.0
16146,4.2
16147,4.5
16149,4.2
16151,4.2
16156,4.2
16157,4.4
16160,4.4
16162,4.6
16163,4.5
16164,4.6
16166,4.5
16167,4.7
16171,4.4
16172,4.3
16173,4.0
16174,4.4
16175,4.6
16177,4.5
16178,4.2
16181,3.8
16182,4.8
16183,4.5
16186,4.5
16189,4.5
16190,4.5
16191,4.3
16192,4.5
16193,4.8
16194,4.6
16196,4.4
16198,4.5
16201,4.4
16203,4.7
16204,3.9
16209,4.2
16210,4.7
16212,4.8
16214,3.4
16215,3.9
16216,4.3
16217,4.6
16218,4.6
16220,4.5
16223,4.8
16224,3.5
16226,4.6
16232,4.4
16234,3.8
16235,4.8
16237,3.8
16238,4.2
16239,4.5
16245,4.5
16246,4.2
16247,4.6
16248,4.2
16250,4.5
16253,4.5
16254,4.3
16256,4.2
16257,4.7
16258,4.3
16259,4.7
16260,4.5
16263,4.6
16264,4.6
16268,4.6
16273,4.2
16276,4.6
16277,4.3
16278,4.1
16280,3.3
16281,4.4
16283,4.2
16284,4.7
16285,4.4
16286,4.6
16289,4.1
16291,4.7
16293,4.6
16295,4.5
16296,4.4
16297,3.8
16298,4.2
16301,4.4
16303,4.4
16304,4.1
16305,4.4
16310,4.7
16311,4.1
16318,4.7
16323,4.2
16328,4.2
16329,4.4
16330,4.3
16332,4.3
16333,4.4
16336,4.8
16342,4.7
16345,4.5
16346,4.6
16347,4.5
16348,4.6
16349,4.1
16350,4.5
16352,4.3
16353,4.0
16354,4.6
16357,4.5
16359,4.7
16360,4.4
16362,4.3
16363,4.3
16365,4.6
16366,4.2
16371,4.6
16372,4.4
16373,4.2
16375,4.5
16377,4.2
16378,4.3
16379,4.3
16380,3.9
16381,4.5
16383,4.6
16388,3.7
16390,4.7
16391,4.5
16392,4.5
16396,4.2
16399,4.3
16400,3.9
16401,4.2
16402,4.1
16404,4.4
16405,4.4
16406,3.9
16408,4.7
16409,4.7
16412,4.6
16413,4.5
16414,4.7
16415,4.5
16416,4.5
16418,4.5
16422,4.7
16424,4.4
16425,4.4
16427,4.7
16428,4.7
16429,4.8
16431,4.5
16432,3.7
16433,4.0
16437,4.6
16439,4.2
16441,3.6
16446,4.4
16447,4.7
16448,4.8
16449,4.5
16451,4.3
16454,4.1
16455,3.5
16456,4.5
16457,4.4
16458,4.1
16459,4.7
16460,4.1
16462,4.7
16464,4.0
16465,4.3
16466,4.6
16467,4.5
16468,4.5
16470,4.4
16473,4.3
16474,4.3
16475,4.4
16476,4.2
16477,4.2
16478,4.3
16480,3.8
16482,4.4
16485,4.8
16487,4.7
16489,3.7
16490,4.5
16491,3.6
16492,4.3
16494,4.6
16495,4.2
16496,4.6
16498,4.6
16501,4.1
16504,4.4
16505,4.6
16506,4.3
16507,4.8
16508,4.2
16511,4.3
16517,4.2
16520,4.4
16523,3.8
16524,4.3
16526,4.8
16527,4.5
16528,4.4
16529,4.5
16530,4.0
16531,4.5
16533,4.1
16534,4.1
16536,4.4
16539,4.7
16540,4.1
16541,4.7
16542,4.3
16543,4.2
16544,4.2
16545,4.7
16546,4.1
16547,4.5
16549,4.4
16550,4.3
16553,3.4
16556,4.0
16557,4.1
16560,4.3
16561,4.1
16563,3.6
16564,4.4
16566,4.1
16567,4.4
16568,4.7
16570,4.8
16571,4.1
16573,4.7
16574,4.4
16576,4.2
16577,3.6
16578,4.3
16580,4.1
16581,4.0
16584,4.4
16587,4.5
16588,3.8
16589,4.6
16592,4.3
16593,4.7
16597,4.2
16598,4.4
16599,4.5
16600,4.6
16601,4.0
16602,4.7
16603,3.9
16604,4.4
16605,3.6
16607,4.5
16609,4.5
16610,4.4
16611,4.3
16612,4.2
16614,4.1
16617,4.7
16618,4.6
16619,4.2
16620,4.1
16623,4.5
16624,4.5
16625,4.6
16627,4.1
16628,4.1
16629,4.5
16630,4.5
16631,4.7
16632,4.3
16633,4.7
16635,4.3
16638,4.3
16639,4.2
16641,4.5
16643,4.4
16644,4.4
16646,4.2
16647,4.6
16649,4.0
16651,4.6
16652,3.9
16653,4.1
16654,4.7
16655,4.6
16656,4.7
16659,4.6
16661,4.7
16662,4.9
16663,4.3
16664,4.7
16665,3.9
16666,4.7
16667,4.2
16669,4.5
16670,4.9
16671,4.7
16672,3.7
16673,4.4
16677,4.7
16678,4.6
16679,4.7
16681,4.3
16682,4.5
16683,4.7
16684,4.4
16686,4.8
16690,4.7
16694,4.5
16696,4.5
16698,4.1
16699,4.8
16700,4.7
16701,4.5
16702,4.5
16703,4.4
16704,4.0
16706,4.3
16707,4.6
16711,4.0
16712,4.9
16714,4.4
16715,4.5
16716,4.6
16717,4.8
16718,4.5
16719,4.4
16720,4.4
16722,3.9
16723,4.6
16727,4.7
16729,4.4
16730,4.0
16731,4.6
16732,4.5
16733,4.5
16736,4.3
16737,4.6
16738,4.6
16740,3.5
16741,4.4
16742,4.3
16745,4.6
16750,4.1
16751,4.2
16753,4.5
16754,4.2
16755,4.4
16756,4.6
16757,4.6
16759,3.3
16760,4.7
16761,4.6
16762,4.6
16764,4.4
16765,4.6
16766,4.6
16767,4.5
16768,4.5
16772,4.1
16773,4.6
16776,4.4
16778,4.6
16779,4.6
16781,4.1
16782,4.0
16785,4.4
16786,3.7
16788,4.5
16789,4.7
16790,4.8
16791,4.2
16794,4.7
16796,4.6
16797,4.8
16799,4.6
16800,4.6
16803,4.7
16806,4.3
16809,3.8
16810,4.5
16812,4.2
16816,4.4
16818,4.3
16819,4.2
16821,4.6
16822,4.4
16823,4.3
16824,4.5
16825,4.6
16829,4.7
16833,3.4
16835,4.7
16836,4.5
16841,4.7
16843,4.0
16845,4.7
16847,4.3
16848,4.6
16849,4.4
16850,3.7
16851,3.9
16852,4.3
16853,4.5
16854,3.6
16855,4.1
16856,3.9
16858,4.5
16859,4.5
16860,4.4
16861,4.5
16865,4.6
16867,4.4
16868,4.7
16870,4.6
16871,4.5
16872,4.2
16875,4.3
16876,3.9
16877,4.8
16878,4.4
16880,4.1
16881,4.6
16882,4.1
16883,4.4
16884,4.4
16885,4.3
16890,4.6
16893,4.6
16895,4.6
16896,4.2
16899,4.6
16901,4.5
16902,4.7
16904,4.5
16905,4.5
16907,4.5
16908,4.1
16909,4.2
16912,4.4
16913,4.7
16914,3.8
16915,4.3
16917,4.5
16920,4.5
16921,4.2
16922,4.7
16923,4.3
16926,4.5
16927,4.6
16928,3.9
16929,4.3
16930,4.6
16932,4.4
16933,3.9
16934,4.6
16935,4.7
16939,4.3
16940,4.4
16945,4.6
16946,4.5
16947,4.5
16948,4.7
16951,4.2
16952,4.6
16953,4.5
16954,4.4
16955,4.5
16956,4.9
16959,3.9
16962,4.6
16964,4.3
16966,4.4
16967,4.5
16969,4.3
16972,4.4
16973,4.5
16974,4.4
16976,4.2
16979,4.7
16981,3.7
16982,4.5
16984,4.8
16986,4.7
16988,4.7
16992,2.9
16994,4.4
16995,4.6
16998,4.3
16999,4.7
17001,4.3
17006,4.7
17007,4.4
17012,4.6
17013,4.2
17016,4.5
17018,4.2
17019,4.6
17020,4.8
17021,4.0
17022,4.7
17023,4.4
17024,4.1
17025,3.8
17028,4.4
17033,4.7
17035,4.2
17036,4.5
17037,4.3
17039,4.4
17040,4.5
17041,4.0
17043,4.1
17046,4.7
17047,4.5
17048,4.2
17050,4.7
17052,4.5
17053,3.3
17054,4.2
17058,4.9
17062,4.6
17063,4.5
17064,4.7
17065,4.5
17066,4.7
17068,4.1
17069,4.7
17071,4.5
17072,4.1
17073,4.6
17075,4.5
17076,4.4
17077,4.7
17080,4.4
17083,4.4
17085,4.3
17086,4.6
17087,4.5
17088,4.6
17089,4.7
17092,4.2
17094,3.8
17095,4.4
17098,4.8
17100,3.7
17102,4.6
17105,4.4
17106,4.8
17108,4.6
17110,4.2
17112,4.4
17113,3.6
17116,4.4
17117,4.1
17118,4.3
17120,4.4
17124,4.4
17125,4.2
17126,4.6
17127,4.3
17129,4.6
17130,4.5
17132,4.4
17135,4.3
17136,4.5
17137,4.4
17140,4.2
17141,4.5
17142,4.5
17143,4.7
17145,4.5
17146,4.4
17147,4.5
17148,4.6
17150,4.6
17151,4.7
17155,4.1
17156,4.7
17158,3.9
17160,4.3
17161,4.3
17164,4.4
17165,4.7
17166,4.5
17167,4.3
17168,3.6
17169,4.0
17170,4.5
17172,4.7
17176,4.6
17178,4.3
17180,4.3
17182,4.6
17184,4.2
17185,3.6
17186,4.0
17191,4.5
17192,4.4
17193,4.7
17195,4.1
17198,4.2
17200,4.4
17201,4.1
17203,4.9
17205,4.0
17209,4.5
17211,4.2
17212,4.2
17214,4.7
17215,4.7
17217,4.4
17218,4.1
17219,4.4
17224,4.0
17225,4.4
17227,4.4
17229,4.8
17232,4.0
17233,4.5
17234,4.8
17236,4.4
17238,4.5
17241,4.7
17242,4.8
17243,4.7
17245,4.1
17251,4.4
17252,4.7
17253,4.3
17256,4.8
17261,4.4
17263,4.8
17265,4.7
17266,4.4
17267,4.0
17271,4.5
17272,4.4
17279,2.9
17281,3.7
17283,4.1
17285,4.6
17288,4.4
17289,4.8
17290,4.5
17291,4.5
17292,4.5
17293,4.6
17295,4.5
17297,4.2
17299,4.5
17303,4.4
17309,4.7
17314,3.9
17315,4.6
17318,4.7
17319,4.5
17322,4.6
17325,4.4
17326,4.6
17330,4.3
17331,4.0
17333,3.9
17334,4.1
17335,4.6
17336,4.0
17339,4.8
17344,4.7
17345,4.6
17346,4.5
17348,4.0
17349,4.3
17351,4.6
17354,4.7
17357,4.4
17365,3.9
17367,4.2
17368,4.6
17370,4.6
17373,4.4
17377,3.9
17379,4.4
17380,4.7
17382,4.6
17390,3.4
17392,4.6
17393,4.7
17395,4.7
17398,4.4
17399,4.5
17405,4.0
17407,4.7
17410,4.3
17411,4.8
17413,4.4
17418,3.9
17419,4.2
17421,4.6
17422,4.8
17425,4.6
17426,4.2
17428,4.4
17429,3.9
17433,4.4
17434,4.7
17435,4.8
17437,4.5
17439,4.7
17442,4.8
17443,4.2
17445,4.7
17446,4.6
17449,4.6
17452,4.6
17453,4.0
17454,4.3
17456,4.8
17458,4.2
17460,4.7
17464,4.6
17467,4.0
17468,4.7
17469,4.8
17475,4.3
17476,4.8
17478,4.8
17480,4.2
17481,4.2
17483,4.2
17484,3.5
17485,4.1
17487,4.4
17488,4.7
17491,4.4
17492,4.6
17493,3.5
17495,4.7
17496,4.2
17499,4.6
17500,4.4
17505,4.4
17507,4.3
17510,4.5
17511,4.2
17512,4.4
17513,4.2
17514,4.5
17515,4.6
17516,4.6
17522,4.4
17528,4.6
17530,4.2
17531,4.1
17532,4.2
17534,4.6
17535,4.2
17537,4.6
17539,4.6
17540,4.6
17541,4.1
17544,4.1
17545,3.6
17546,4.4
17548,3.9
17549,4.6
17550,4.6
17551,4.5
17553,4.6
17556,4.3
17557,4.4
17559,4.4
17561,4.2
17562,4.7
17563,4.6
17565,4.2
17571,4.2
17572,4.7
17573,4.6
17575,4.7
17576,4.0
17577,3.8
17580,4.4
17581,4.6
17582,4.5
17583,4.6
17584,4.6
17588,4.8
17589,4.1
17590,4.2
17596,4.7
17599,4.6
17601,4.4
17605,4.4
17607,4.2
17609,4.6
17610,4.2
17611,4.1
17612,4.8
17613,4.7
17614,4.1
17615,4.4
17616,4.8
17618,4.3
17619,4.5
17625,4.1
17626,4.7
17628,4.6
17631,4.1
17635,4.6
17638,4.7
17640,4.2
17642,4.6
17643,4.7
17644,4.6
17645,4.2
17646,4.4
17647,4.6
17648,4.4
17649,3.9
17651,3.8
17652,4.8
17656,4.6
17658,4.6
17659,4.7
17662,4.6
17668,4.0
17669,4.1
17670,3.8
17672,4.5
17674,4.3
17676,4.6
17677,4.5
17678,4.5
17681,4.5
17683,4.5
17684,4.5
17687,4.5
17689,4.2
17690,4.8
17691,4.7
17692,4.5
17695,4.7
17700,4.2
17701,4.9
17702,4.4
17706,4.8
17707,4.6
17711,4.5
17712,4.4
17714,4.1
17715,4.5
17716,4.5
17718,4.6
17719,4.2
17723,4.6
17725,3.7
17727,4.5
17728,4.4
17729,4.6
17730,4.2
17731,4.1
17735,4.3
17736,3.8
17737,3.6
17738,4.0
17739,4.6
17742,4.8
17743,4.5
17745,4.4
17747,4.4
17748,4.6
17749,3.7
17753,4.8
17754,4.6
17756,3.1
17757,4.6
17760,4.2
17764,4.7
17765,4.6
17770,4.7
17771,4.3
17775,4.6
17776,4.6
17777,4.1
17778,4.6
17779,4.4
17780,4.5
17782,4.2
17783,4.5
17784,4.5
17787,4.6
17790,4.6
17792,4.7
17794,4.3
17798,2.9
17801,4.3
17803,4.4
17804,3.9
17805,4.5
17806,4.0
17807,4.1
17808,4.7
17812,4.1
17815,4.6
17817,4.6
17820,4.0
17821,4.8
17822,4.5
17824,4.1
17830,3.9
17833,4.5
17834,4.4
17836,4.5
17837,4.4
17838,4.0
17841,4.5
17842,4.8
17843,3.8
17846,4.5
17848,4.5
17853,4.6
17854,4.3
17855,4.7
17861,4.4
17862,4.2
17863,3.9
17865,3.4
17866,4.4
17868,4.2
17869,4.2
17870,4.3
17872,4.0
17876,4.7
17881,4.4
17882,4.5
17887,4.5
17891,4.7
17893,4.6
17897,4.8
17899,4.5
17904,4.6
17909,4.8
17910,4.7
17914,4.5
17915,4.3
17918,4.6
17919,4.7
17924,4.8
17925,4.0
17926,4.4
17931,4.4
17932,4.7
17933,4.3
17935,4.8
17937,3.9
17938,4.6
17943,4.6
17945,4.8
17949,4.4
17950,4.6
17952,4.4
17957,4.6
17960,4.6
17962,4.5
17967,4.6
17968,4.6
17969,4.3
17971,4.5
17973,4.5
17975,4.5
17977,4.6
17980,4.0
17981,4.7
17982,4.4
17983,4.4
17984,4.7
17989,4.2
17990,4.1
17991,4.6
17993,3.9
17994,4.2
17996,3.9
17997,4.0
17999,4.6
18003,4.6
18004,4.3
18005,4.3
18006,4.2
18008,4.6
18009,4.1
18010,4.8
18011,4.6
18015,4.3
18019,4.7
18020,4.7
18021,4.6
18022,4.6
18023,4.4
18025,4.2
18026,4.4
18027,4.8
18028,4.2
18031,4.5
18032,4.2
18033,4.6
18034,4.4
18035,4.6
18038,2.4
18039,4.7
18040,4.5
18041,4.1
18044,4.0
18045,4.6
18049,4.5
18050,4.3
18053,4.1
18054,4.3
18056,4.6
18057,4.8
18058,4.5
18059,4.3
18061,4.6
18062,4.4
18064,4.3
18065,4.1
18068,4.7
18069,4.6
18071,4.7
18072,4.5
18074,4.7
18077,4.5
18078,4.2
18079,4.4
18082,4.5
18085,4.6
18086,4.6
18087,4.6
18088,4.4
18092,4.6
18093,4.3
18095,4.5
18097,4.5
18098,4.7
18099,3.8
18100,4.2
18101,4.4
18103,4.6
18104,4.5
18105,4.2
18107,4.3
18108,4.6
18110,4.6
18111,4.5
18117,4.8
18121,4.4
18122,3.8
18123,4.4
18126,4.7
18130,4.4
18131,4.5
18138,4.1
18139,4.6
18140,4.5
18145,4.5
18148,4.5
18149,4.5
18156,4.7
18158,4.4
18159,4.8
18182,4.3
18186,4.4
18193,4.2
18198,4.4
18211,4.5
18213,4.2
18216,4.6
18217,4.4
18220,4.3
18229,4.4
18230,4.3
18234,4.5
18235,4.7
18236,4.6
18237,4.5
18238,4.4
18241,4.6
18243,4.4
18244,4.5
18245,4.3
18246,4.6
18248,4.4
18249,4.6
18251,4.5
18252,4.6
18253,4.5
18254,4.4
18255,4.6
18256,4.4
18258,4.6
18261,4.6
18262,4.5
18264,4.0
18266,4.3
18269,4.4
18270,4.3
18271,4.7
18273,4.4
18274,4.5
18280,4.7
18282,4.5
18283,3.3
18284,4.4
18285,4.3
18286,4.6
18287,4.4
18288,4.5
18290,4.3
18292,4.5
18293,4.4
18294,4.5
18295,4.3
18298,4.6
18302,4.7
18303,4.2
18304,4.5
18305,4.0
18307,4.5
18308,4.1
18312,4.8
18313,4.4
18316,4.3
18318,4.6
18321,4.4
18322,4.9
18324,4.6
18325,4.2
18326,4.3
18327,4.5
18329,4.6
18333,4.3
18334,4.6
18335,4.7
18336,4.6
18337,4.3
18338,4.4
18339,4.3
18340,4.0
18341,4.1
18344,4.7
18345,4.2
18346,4.2
18347,4.4
18348,4.6
18350,4.1
18351,4.4
18352,4.6
18353,4.6
18356,4.9
18357,4.4
18359,4.6
18363,4.7
18364,4.5
18366,4.5
18367,4.6
18370,4.4
18371,3.5
18374,4.4
18376,4.6
18377,4.6
18378,4.4
18379,4.6
18387,4.2
18389,4.3
18390,4.3
18391,4.6
18392,4.7
18397,4.1
18402,3.9
18406,4.6
18409,3.6
18411,4.5
18412,4.0
18413,4.6
18414,4.7
18415,4.0
18416,4.7
18417,4.5
18419,4.6
18423,4.6
18425,4.6
18426,4.4
18427,4.3
18428,3.6
18429,4.1
18431,4.2
18432,4.6
18433,4.7
18434,4.7
18438,4.6
18440,4.3
18442,4.7
18443,4.4
18444,4.3
18445,4.7
18448,4.7
18450,4.4
18451,4.3
18452,4.5
18454,4.4
18456,4.7
18463,4.5
18464,4.7
18465,4.3
18466,3.8
18468,4.4
18469,4.5
18471,4.6
18472,4.4
18473,4.1
18477,4.7
18480,4.4
18481,4.5
18482,4.4
18486,4.6
18487,4.4
18491,3.3
18493,4.6
18494,4.5
18497,4.4
18498,4.6
18499,4.4
18500,4.8
18501,4.4
18503,4.3
18505,4.5
18507,4.2
18508,4.7
18509,4.6
18511,4.7
18513,4.3
18515,4.4
18516,4.2
18517,4.7
18518,4.0
18524,4.6
18527,4.5
18531,4.6
18532,4.6
18533,4.7
18535,4.6
18536,4.5
18537,4.7
18542,4.6
18544,4.8
18771,4.3
18775,4.7
18777,4.4
18779,4.3
18781,4.4
18783,4.1
18784,4.7
18786,4.0
18789,4.5
18790,4.1
18791,4.2
18792,4.2
18794,3.6
18795,4.0
18796,4.2
18798,4.6
18802,4.6
18803,4.3
18804,3.8
18805,4.6
18806,3.7
18807,4.2
18809,4.5
18810,4.2
18811,4.2
18813,4.3
18816,4.4
18817,4.1
18819,4.4
18821,4.4
18822,4.2
18823,4.1
18824,4.1
18827,4.3
18830,4.4
18832,4.3
18837,4.6
18839,4.6
18840,4.4
18841,4.2
18842,4.4
18843,4.1
18844,3.8
18854,4.5
18855,4.2
18856,4.5
18863,4.5
18864,4.2
18870,4.7
18871,4.4
18873,4.4
18874,4.5
18875,4.3
18878,4.7
18880,4.5
18882,4.2
18883,4.5
18890,4.5
18891,4.8
18893,4.3
18895,4.6
18897,4.4
18898,4.5
18899,3.9
18900,4.3
18902,4.1
18904,4.7
18906,4.7
18907,4.4
18909,4.3
18910,4.1
18911,4.4
18913,4.6
18917,4.2
18921,4.3
18925,4.5
18929,4.5
18930,4.4
18935,4.7
18937,4.6
18939,4.8
18940,4.5
18941,4.4
18942,4.4
18943,4.6
18948,3.6
18951,4.6
18954,4.6
18956,4.9
18957,4.8
18968,4.4
18974,4.5
18980,4.7
18981,4.7
18982,4.5
18983,4.2
18986,4.2
18987,4.3
18988,4.5
18990,4.4
18992,4.8
18993,4.7
18994,3.7
18996,4.6
18999,4.6
19000,4.7
19001,4.6
19002,4.6
19003,4.7
19004,4.6
19005,4.9
19008,4.6
19009,4.7
19010,4.5
19012,4.3
19014,4.7
19016,4.4
19017,4.7
19018,4.8
19023,3.3
19029,4.2
19030,4.5
19032,4.6
19033,4.0
19034,4.3
19035,4.8
19037,4.8
19039,4.6
19042,4.3
19044,4.1
19045,4.7
19049,3.9
19052,4.6
19055,4.8
19057,4.1
19073,4.2
19075,4.5
19077,4.5
19078,4.8
19079,4.8
19082,4.2
19093,4.3
19100,4.4
19102,4.4
19104,4.5
19108,4.7
19114,4.6
19117,4.7
19118,4.7
19119,3.9
19123,4.2
19124,4.6
19125,4.1
19126,4.0
19127,4.6
19129,4.2
19130,4.1
19132,4.3
19137,4.7
19140,4.8
19142,4.7
19145,4.6
19148,4.3
19154,4.6
19160,4.6
19163,4.8
19165,4.4
19168,4.4
19177,4.2
19187,4.3
19191,4.2
19193,4.5
19199,4.6
19204,4.6
19205,4.7
19207,4.9
19210,4.6
19211,4.1
19213,4.6
19215,4.5
19216,4.7
19218,4.9
19226,4.8
19227,4.7
19229,4.6
19232,4.3
19236,4.6
19239,4.6
19241,4.0
19247,4.7
19251,4.7
19254,4.5
19256,4.6
19258,4.4
19259,4.6
19261,4.7
19263,4.6
19269,4.8
19270,4.2
19271,4.2
19273,4.8
19278,4.2
19279,4.6
19280,4.2
19284,4.5
19289,4.3
19291,4.6
19299,3.9
19301,4.2
19304,4.7
19306,4.3
19308,4.3
19311,4.5
19312,4.3
19316,4.7
19320,4.5
19324,4.2
19328,4.4
19329,4.4
19330,4.6
19335,4.5
19338,3.9
19341,4.7
19342,4.6
19344,4.5
19345,4.6
19346,4.1
19347,4.2
19349,4.3
19351,4.1
19352,4.5
19353,4.5
19354,4.3
19356,4.4
19358,4.4
19364,4.4
19368,4.3
19369,4.4
19373,3.8
19374,4.3
19375,3.8
19376,4.5
19380,4.5
19388,4.1
19389,4.5
19390,4.3
19393,4.0
19394,4.5
19399,3.9
19400,4.4
19402,4.6
19403,4.5
19404,4.5
19406,4.0
19415,3.9
19417,3.5
19418,4.3
19422,4.3
19423,4.0
19424,4.1
19427,4.2
19438,4.8
19439,4.7
19443,4.7
19452,4.8
19453,4.6
19459,4.5
19460,4.5
19464,4.7
19468,2.3
19469,4.6
19474,4.3
19477,4.2
19478,4.3
19481,4.8
19484,4.8
19485,4.7
19487,4.3
19489,4.2
19490,4.5
19491,4.4
19493,4.7
19494,4.5
19496,4.5
19497,4.5
19500,4.6
19501,4.7
19508,4.4
19509,4.7
19511,4.7
19516,4.6
19517,4.2
19518,4.7
19519,4.8
19521,4.4
19529,4.6
19532,4.7
19533,4.6
19538,4.4
19541,4.6
19545,4.4
19547,4.5
19556,4.7
19557,3.1
19565,4.8
19572,4.4
19576,4.3
19581,4.5
19582,4.6
19583,3.8
19584,4.8
19585,4.5
19587,4.0
19591,4.6
19595,4.1
19602,4.6
19607,4.6
19611,4.7
19613,4.5
19619,4.3
19623,4.4
19626,4.5
19627,3.9
19631,4.7
19632,4.2
19636,4.6
19644,4.4
19649,4.1
19658,4.4
19659,4.6
19670,4.5
19672,4.6
19673,4.7
19675,4.3
19677,4.2
19687,4.7
19693,4.6
19694,4.5
19715,4.7
19719,4.7
19730,4.6
19734,4.0
19747,4.7
19748,4.6
19752,4.5
19756,4.4
19759,4.1
19765,4.6
19766,4.6
19770,4.5
19772,3.6
19776,4.5
19777,4.7
19792,4.5
19793,4.5
19795,4.2
19796,4.6
19797,4.6
19800,4.7
19801,4.6
19805,3.6
19807,4.2
19809,4.2
19810,4.3
19811,4.6
19812,4.4
19813,4.6
19829,4.3
19830,4.3
19832,4.8
19834,4.7
19835,4.3
19836,4.5
19837,4.8
19841,4.4
19842,4.3
19843,4.2
19847,4.5
19848,4.5
19850,4.3
19851,3.9
19852,4.6
19854,4.7
19855,4.2
19856,4.7
19858,3.9
19862,3.0
19863,4.3
19864,4.4
19866,4.6
19871,4.2
19872,4.5
19877,4.4
19880,4.1
19882,4.7
19884,4.3
19886,4.5
19888,4.4
19890,4.4
19891,3.9
19892,4.5
19895,4.5
19897,4.6
19900,4.3
19904,4.2
19907,4.0
19908,4.3
19911,4.2
19912,4.3
19913,4.1
19914,4.5
19916,4.6
19917,4.7
19918,4.1
19919,4.5
19921,4.4
19924,4.7
19928,4.4
19929,4.6
19931,4.2
19932,4.8
19934,4.6
19936,4.1
19937,4.2
19943,4.6
19944,4.7
19946,4.1
19950,4.4
19954,4.3
19956,4.2
19958,4.2
19960,4.6
19963,4.6
19966,4.5
19969,4.6
20004,3.6
20010,4.8
20014,4.3
20019,4.8
20020,4.2
20021,4.6
20025,4.1
20026,4.4
20029,4.6
20030,3.7
20031,4.5
20034,4.1
20036,4.5
20037,4.4
20038,4.6
20039,4.7
20040,4.4
20041,4.2
20042,3.9
20045,4.4
20057,4.2
20059,4.2
20061,4.3
20062,4.6
20066,4.8
20068,4.7
20073,4.3
20074,4.0
20075,4.4
20080,4.2
20082,4.7
20083,4.2
20087,3.9
20088,4.5
20090,4.2
20091,3.6
20093,4.3
20095,3.7
20096,4.6
20098,4.3
20107,4.2
20112,3.7
20118,4.8
20120,4.7
20121,4.9
20122,4.4
20125,4.4
20128,4.4
20133,3.9
20138,4.4
20140,4.4
20141,4.4
20144,4.5
20147,4.6
20148,4.5
20152,4.5
20153,4.8
20154,4.0
20156,4.8
20157,4.8
20159,4.7
20160,4.7
20162,4.8
20163,4.8
20164,4.2
20167,4.1
20170,4.1
20171,4.7
20175,4.6
20176,4.2
20177,4.4
20185,4.4
20189,4.1
20192,4.7
20193,4.6
20196,4.2
20198,4.5
20210,4.5
20211,4.6
20213,4.2
20216,4.8
20219,4.9
20220,4.3
20225,4.5
20229,4.4
20232,4.6
20237,4.7
20239,4.2
20240,4.5
20242,4.1
20244,4.7
20247,4.5
20254,4.6
20256,4.6
20258,4.4
20260,4.7
20263,4.9
20265,4.7
20278,4.4
20286,4.3
20287,4.8
20292,4.6
20293,4.6
20297,4.1
20298,4.2
20305,4.6
20309,4.7
20310,4.8
20311,4.6
20312,4.0
20317,3.4
20318,4.6
20320,4.8
20325,4.4
20331,4.7
20333,4.0
20334,4.5
20338,4.7
20339,4.7
20340,4.2
20343,4.8
20350,4.1
20351,4.1
20352,4.4
20354,4.5
20359,4.6
20360,3.5
20361,4.2
20366,4.4
20368,4.4
20369,4.6
20374,4.9
20383,4.2
20384,4.6
20385,4.8
20389,4.6
20390,4.4
20391,4.8
20394,3.6
20395,4.4
20400,4.7
20402,4.7
20406,4.7
20409,4.5
20412,4.2
20413,4.3
20415,4.5
20421,4.8
20422,4.7
20425,4.7
20427,4.7
20428,4.3
20429,4.6
20431,4.7
20441,5.0
20443,4.5
20445,4.5
20446,4.8
20447,4.5
20448,4.9
20449,4.3
20450,3.9
20451,4.6
20452,3.1
20455,4.8
20456,4.1
20457,3.6
20458,4.5
20460,4.0
20461,4.5
20462,4.6
20465,4.8
20467,4.7
20471,4.6
20472,4.6
20474,3.7
20475,4.2
20476,4.8
20477,4.7
20479,4.5
20481,4.6
20482,4.4
20486,4.7
20490,3.7
20493,4.6
20494,4.4
20496,4.6
20498,4.7
20502,4.1
20503,4.7
20505,4.6
20506,4.6
20509,4.6
20511,4.4
20512,4.5
20513,4.5
20515,4.3
20516,4.4
20517,4.7
20518,4.3
20519,4.4
20520,4.6
20521,4.7
20524,4.3
20528,4.6
20529,4.6
20535,4.3
20536,4.0
20538,4.8
20539,4.5
20542,4.5
20545,4.5
20547,4.5
20548,4.5
20552,4.8
20553,4.5
20554,4.2
20555,4.7
20558,3.8
20559,4.5
20560,4.7
20565,4.6
20567,4.7
20568,4.8
20569,4.4
20574,4.4
20576,4.6
20577,4.6
20579,4.8
20580,4.8
20582,4.3
20584,3.6
20586,4.3
20589,4.5
20593,4.2
20605,4.5
20606,4.4
20608,4.3
20609,4.4
20610,4.0
20611,4.4
20614,4.7
20618,3.9
20621,4.6
20627,4.7
20638,4.8
20642,4.5
20643,3.6
20645,4.6
20649,4.4
20652,4.4
20653,4.6
20655,4.7
20657,4.8
20658,3.8
20659,4.7
20662,4.2
20663,4.3
20665,4.3
20666,4.1
20668,4.0
20669,4.8
20672,4.7
20673,4.6
20674,1.2
20675,4.5
20677,4.2
20680,4.5
20681,4.3
20682,4.7
20684,4.3
20687,4.4
20690,4.2
20693,4.9
20694,4.6
20696,3.1
20697,4.5
20700,4.5
20701,4.5
20703,4.5
20704,4.2
20707,4.5
20708,4.3
20715,4.4
20722,4.8
20723,4.5
20724,4.5
20725,4.8
20730,4.3
20731,4.7
20735,4.5
20739,4.7
20743,4.2
20744,4.1
20746,4.2
20747,4.5
20749,4.6
20750,4.4
20752,4.5
20753,4.6
20754,4.4
20759,4.6
20762,4.5
20764,4.7
20768,4.4
20771,4.2
20773,4.2
20776,4.8
20777,4.5
20778,3.5
20779,3.7
20784,4.5
20786,4.4
20790,4.5
20791,4.6
20792,4.6
20793,4.2
20797,4.3
20800,4.7
20803,4.3
20805,4.7
20808,4.6
20809,4.6
20812,4.5
20813,4.7
20816,3.8
20817,4.5
20819,4.8
20820,4.6
20827,4.3
20830,4.5
20831,4.5
20834,4.7
20835,4.2
20842,4.0
20846,4.6
20849,4.3
20852,4.7
20853,4.2
20854,4.7
20855,4.8
20858,4.6
20859,4.5
20860,4.6
20861,4.1
20865,4.5
20867,4.4
20870,4.5
20872,4.3
20876,4.8
20878,3.6
20879,4.7
20881,4.6
20883,4.6
20887,4.3
20888,4.1
20889,3.9
20891,4.5
20894,4.4
20895,3.8
20896,4.5
20899,4.6
20900,4.5
20901,2.6
20910,4.9
20913,4.6
20914,4.5
20915,4.4
20916,4.6
20917,4.3
20918,3.7
20919,4.4
20920,4.5
20921,4.4
20925,3.9
20928,4.3
20929,4.5
20931,4.6
20932,4.3
20933,4.3
20934,4.2
20935,4.2
20937,4.8
20938,4.6
20941,4.7
20942,4.2
20944,3.8
20947,4.8
20948,4.7
20953,4.2
20959,4.6
20961,4.4
20962,3.8
20963,4.6
20964,4.6
20967,4.4
20968,4.3
20973,4.6
20974,4.6
20976,4.1
20977,4.5
20978,4.6
20979,4.4
20980,4.5
20984,4.4
20987,4.5
20988,4.6
20989,4.6
20993,4.8
20994,4.2
20995,4.8
20999,4.2
21000,2.5
21003,4.1
21004,4.6
21005,4.2
21006,4.6
21007,4.4
21009,4.4
21013,4.5
21014,4.3
21015,4.7
21018,3.8
21019,4.6
21021,4.6
21028,4.9
21033,4.6
21035,4.4
21038,4.5
21041,4.4
21045,4.4
21048,4.8
21050,3.9
21051,4.5
21052,4.6
21054,3.6
21055,4.1
21056,4.2
21058,4.7
21060,4.7
21061,4.7
21062,4.3
21065,4.6
21066,4.3
21067,4.7
21069,4.3
21070,3.8
21073,4.2
21074,4.5
21076,4.5
21077,3.8
21079,4.6
21080,4.7
21082,4.2
21083,4.4
21085,4.6
21086,4.3
21088,4.0
21089,4.2
21090,4.7
21092,4.7
21094,3.5
21097,4.7
21098,4.6
21105,4.3
21107,4.7
21108,4.2
21109,4.3
21110,4.1
21113,3.4
21114,4.3
21120,4.5
21121,4.1
21126,4.4
21127,4.2
21130,4.5
21132,4.4
21134,4.1
21135,4.6
21140,4.5
21143,4.3
21148,4.3
21150,4.5
21151,4.6
21153,3.8
21155,4.3
21156,4.5
21159,4.0
21160,3.9
21162,3.9
21165,4.5
21166,4.8
21169,4.6
21171,4.8
21173,4.7
21174,4.8
21176,4.6
21178,4.2
21181,4.5
21182,3.3
21185,4.1
21186,4.5
21187,4.3
21189,4.3
21190,4.7
21193,4.4
21194,4.5
21196,4.5
21197,3.3
21198,4.6
21201,4.6
21202,4.7
21205,4.7
21208,4.7
21209,4.4
21215,4.3
21217,4.4
21220,4.5
21224,4.6
21225,4.7
21226,4.2
21227,4.3
21230,4.6
21232,4.4
21234,4.6
21236,4.3
21238,4.5
21240,4.4
21241,4.5
21242,4.4
21245,4.2
21247,4.3
21248,4.6
21251,4.5
21252,3.7
21253,4.1
21256,4.3
21258,4.8
21259,4.3
21261,4.8
21262,4.1
21266,4.4
21268,4.6
21271,4.0
21275,4.0
21276,4.5
21277,4.2
21279,4.5
21280,4.7
21284,4.0
21285,4.7
21287,3.5
21289,4.7
21291,4.2
21293,4.4
21294,4.3
21295,4.8
21297,4.2
21301,4.7
21304,4.5
21306,4.4
21307,4.8
21310,4.7
21313,4.8
21314,4.2
21315,4.6
21317,4.7
21318,4.9
21324,4.6
21325,4.3
21326,4.4
21329,4.3
21330,4.5
21332,4.6
21333,4.6
21338,4.5
21339,4.3
21340,4.8
21342,4.6
21351,4.4
21352,4.6
21353,4.5
21357,4.5
21359,4.0
21360,4.4
21362,4.4
21367,4.2
21368,4.4
21371,4.6
21372,4.6
21373,4.2
21376,3.7
21378,4.3
21380,4.3
21382,4.7
21384,4.6
21387,4.4
21390,3.8
21391,4.6
21392,4.7
21396,4.4
21398,4.7
21402,4.5
21403,4.3
21411,4.2
21412,4.8
21414,4.5
21415,3.6
21417,4.4
21422,4.8
21425,4.6
21427,4.7
21429,4.5
21430,4.6
21433,4.3
21438,4.1
21441,4.6
21442,4.5
21444,4.5
21448,4.3
21449,4.4
21450,4.2
21452,4.7
21454,4.0
21455,4.4
21456,4.4
21459,4.1
21461,4.7
21462,4.3
21463,4.6
21465,4.8
21466,4.5
21468,4.3
21469,3.8
21470,4.2
21475,4.5
21476,3.5
21480,2.9
21483,4.9
21487,4.3
21491,4.7
21496,4.6
21497,4.2
21499,4.5
21500,4.3
21501,4.0
21502,3.9
21503,4.3
21507,4.1
21509,4.7
21511,4.5
21513,4.6
21517,4.5
21518,4.3
21519,4.6
21522,4.7
21525,4.6
21526,4.0
21527,4.7
21528,4.6
21530,4.7
21532,4.5
21539,4.7
21541,4.3
21544,4.5
21545,4.4
21549,3.6
21550,4.5
21551,4.7
21553,4.6
21554,4.7
21555,4.6
21556,4.2
21557,4.5
21558,4.4
21560,4.5
21561,4.2
21562,4.1
21569,4.6
21572,4.6
21574,4.2
21575,4.2
21577,3.8
21579,4.7
21581,4.5
21582,4.4
21585,4.6
21586,4.5
21587,4.7
21588,4.2
21592,4.6
21594,4.0
21597,4.6
21601,4.9
21602,4.5
21604,4.7
21605,4.3
21619,4.6
21647,4.1
21648,3.5
21649,4.5
21651,4.1
21652,4.6
21653,3.8
21655,4.4
21657,4.5
21658,3.7
21659,4.6
21661,4.4
21666,2.4
21667,4.5
21669,4.3
21670,4.1
21672,4.8
21673,4.6
21675,4.2
21676,4.8
21679,4.5
21681,4.7
21685,4.5
21686,4.6
21687,4.3
21689,4.3
21690,4.0
21691,4.2
21694,4.8
21698,4.1
21699,4.6
21700,4.5
21702,4.7
21710,4.1
21711,4.3
21712,4.8
21717,4.4
21718,3.7
21719,4.6
21725,4.1
21727,4.5
21728,4.5
21729,4.2
21732,4.2
21736,4.6
21738,4.4
21739,4.5
21740,4.5
21742,4.5
21744,4.8
21746,4.7
21749,4.3
21751,3.8
21752,4.4
21753,4.7
21757,4.7
21761,4.5
21766,4.5
21773,4.7
21775,4.7
21777,3.8
21778,4.3
21779,4.4
21780,4.6
21782,4.4
21784,4.1
21788,4.1
21789,3.9
21791,4.1
21793,4.1
21796,4.1
21799,4.7
21812,4.7
21815,4.5
21822,4.1
21827,4.7
21829,4.2
21830,4.5
21831,4.6
21834,4.5
21835,4.0
21838,4.7
21844,4.4
21849,4.6
21851,4.6
21852,4.3
21854,3.8
21855,4.7
21856,3.8
21857,4.4
21859,4.5
21862,4.5
22122,4.5
22132,4.5
22135,4.8
22136,4.5
22137,4.8
22139,4.5
22140,4.8
22141,4.7
22142,4.5
22145,4.7
22146,4.8
22150,4.8
22154,3.7
22156,4.0
22157,4.6
22158,4.4
22161,4.4
22162,4.3
22163,4.6
22170,4.7
22171,4.3
22172,4.5
22174,3.8
22176,4.4
22179,4.1
22180,4.4
22183,4.4
22188,3.5
22189,4.5
22190,4.7
22194,4.3
22196,4.7
22200,4.0
22202,4.6
22203,4.6
22204,4.6
22212,4.5
22213,4.5
22214,4.3
22219,3.9
22220,4.6
22224,4.5
22225,4.6
22228,4.5
22230,4.5
22231,4.1
22237,4.1
22238,3.9
22241,4.1
22246,4.4
22248,4.0
22252,4.2
22254,4.5
22256,4.2
22258,3.7
22261,4.4
22262,4.4
22265,4.7
22266,4.7
22268,4.2
22270,4.3
22271,4.3
22273,4.4
22274,4.1
22281,4.5
22282,4.7
22283,4.5
22286,4.6
22289,4.3
22290,4.3
22291,4.5
22292,4.7
22293,4.3
22297,4.0
22298,4.7
22299,4.5
22302,4.7
22304,4.7
22305,4.7
22308,4.5
22310,4.6
22312,4.1
22313,4.3
22314,4.1
22315,4.7
22316,4.4
22322,4.5
22323,4.6
22329,4.0
22330,4.6
22331,4.3
22332,4.4
22335,4.0
22338,4.6
22339,4.1
22340,3.9
22341,4.5
22347,4.1
22348,4.4
22351,3.9
22358,4.4
22364,4.3
22367,4.7
22373,4.4
22375,4.3
22376,4.5
22378,4.6
22379,4.6
22381,4.5
22389,4.4
22390,4.2
22397,4.5
22402,4.6
22403,4.4
22413,4.7
22417,3.8
22420,4.3
22422,4.3
22425,4.7
22428,4.6
22431,4.7
22434,4.8
22438,4.7
22446,4.5
22448,4.4
22450,3.5
22451,4.7
22453,4.7
22454,4.4
22455,4.7
22456,4.7
22458,4.3
22460,4.4
22462,4.5
22464,3.3
22465,4.1
22468,4.2
22469,4.8
22470,4.2
22471,4.2
22475,4.4
22478,4.1
22479,4.3
22484,4.4
22489,4.5
22490,4.5
22491,4.1
22494,4.4
22508,4.6
22510,4.6
22513,4.6
22515,4.6
22519,4.2
22520,3.9
22521,4.3
22522,4.7
22528,3.9
22529,4.6
22530,4.5
22532,3.8
22538,4.6
22539,4.4
22540,4.4
22543,4.8
22544,4.6
22549,4.5
22552,4.4
22553,4.4
22558,4.1
22560,4.2
22563,4.7
22565,4.8
22572,4.7
22576,4.4
22579,4.8
22580,4.1
22582,4.7
22583,4.8
22584,4.5
22586,4.7
22592,4.7
22595,4.0
22597,4.6
22605,4.6
22611,4.2
22612,4.7
22613,4.5
22614,4.2
22617,4.7
22618,4.4
22625,4.2
22627,4.6
22629,4.0
22631,4.3
22633,4.5
22634,4.5
22635,4.2
22637,4.2
22644,3.9
22645,4.7
22646,4.2
22647,4.3
22653,4.6
22657,4.0
22658,4.5
22659,4.5
22660,4.8
22666,2.4
22670,4.0
22671,4.1
22674,4.4
22679,4.4
22681,4.3
22684,4.6
22686,4.7
22691,4.6
22692,4.4
22693,4.2
22694,4.7
22696,4.0
22697,4.6
22699,4.1
22700,4.5
22704,4.9
22705,4.2
22710,4.9
22713,4.5
22718,4.6
22722,4.6
22724,4.5
22725,3.6
22727,4.6
22728,4.8
22729,4.7
22730,4.5
22731,4.9
22736,4.2
22737,4.6
22738,4.3
22742,4.0
22744,4.5
22746,4.7
22749,4.7
22751,4.6
22752,4.0
22754,4.2
22755,4.8
22759,4.8
22760,4.6
22762,4.3
22764,3.5
22765,4.4
22766,4.3
22768,4.7
22770,4.6
22773,4.1
22774,4.4
22775,4.7
22776,3.9
22778,4.4
22780,4.7
22786,4.1
22787,4.6
22789,3.6
22791,4.6
22793,4.5
22804,4.8
22805,4.2
22807,4.3
22810,4.5
22812,4.5
22815,4.5
22816,4.3
22822,4.7
22823,4.7
22827,3.9
22831,4.6
22832,4.0
22841,4.5
22846,4.6
22848,4.5
22850,4.1
22851,4.4
22856,4.6
22857,4.4
22859,3.8
22860,4.5
22861,4.4
22864,4.2
22866,4.4
22870,3.3
22874,4.8
22875,4.2
22878,4.2
22880,4.0
22884,4.6
22885,4.8
22886,4.7
22890,4.8
22898,4.6
22901,4.3
22904,4.7
22911,4.6
22916,4.1
22917,3.6
22919,4.5
22921,3.9
22924,4.6
22925,4.6
22927,4.7
22929,4.6
22931,4.5
22935,4.7
22936,4.7
22938,4.4
22942,4.3
22943,4.4
22944,4.8
22949,4.7
22950,4.6
22953,4.7
22955,4.5
22956,4.2
22959,4.5
22960,4.7
22961,3.8
22967,4.6
22968,4.5
22969,4.3
22970,4.5
22972,4.5
22976,4.4
22978,4.5
22986,4.6
22987,4.7
22988,4.5
22989,4.4
22991,4.4
22993,4.2
22994,4.2
22998,4.0
23006,4.4
23008,4.6
23010,4.8
23016,4.7
23021,4.1
23023,4.7
23024,4.4
23026,4.2
23030,4.9
23031,4.5
23034,4.8
23037,4.6
23039,4.7
23040,4.7
23041,4.3
23042,4.1
23046,4.6
23047,4.6
23048,4.9
23051,4.6
23056,4.7
23058,3.9
23060,4.5
23062,4.3
23064,4.4
23067,4.4
23068,4.9
23069,4.4
23070,4.1
23072,4.7
23073,4.3
23074,4.6
23081,4.6
23082,4.6
23088,4.5
23090,4.3
23095,4.3
23097,4.5
23098,4.0
23101,4.4
23102,4.6
23103,4.1
23105,4.6
23109,4.6
23112,4.5
23114,4.7
23117,4.3
23123,4.5
23124,3.9
23126,4.5
23130,4.6
23131,4.5
23133,4.2
23134,4.5
23135,4.2
23140,4.5
23141,4.5
23142,4.6
23143,4.2
23144,4.2
23145,4.7
23147,4.5
23148,4.7
23152,4.7
23153,4.4
23156,4.7
23157,4.8
23159,4.3
23161,4.7
23167,4.3
23169,4.4
23173,4.0
23175,4.0
23176,4.7
23177,4.7
23181,4.6
23182,4.7
23186,4.4
23189,4.5
23192,4.4
23194,4.4
23196,4.6
23197,4.3
23198,3.2
23202,4.4
23211,4.5
23215,4.7
23221,4.4
23224,4.4
23227,4.3
23230,4.6
23232,4.2
23236,4.7
23237,4.8
23239,4.6
23241,4.2
23245,4.8
23247,4.9
23248,4.5
23249,4.3
23252,4.2
23255,4.6
23256,4.5
23260,4.3
23262,4.1
23264,4.2
23265,4.5
23266,4.7
23268,4.1
23284,4.6
23285,3.7
23287,4.5
23289,4.1
23290,4.4
23293,4.6
23294,4.6
23296,4.0
23298,4.1
23305,4.7
23307,4.3
23309,4.5
23312,4.7
23313,4.3
23314,4.5
23315,4.4
23318,4.6
23322,4.4
23328,4.6
23333,4.1
23336,4.5
23337,4.6
23340,4.7
23341,4.3
23342,4.3
23343,4.3
23352,4.2
23353,4.5
23356,4.1
23357,4.4
23361,3.6
23362,4.4
23364,4.5
23367,4.6
23376,4.5
23380,4.1
23382,4.4
23384,4.6
23386,4.9
23389,4.7
23390,4.4
23392,4.4
23395,4.4
23397,4.5
23398,4.7
23399,4.7
23400,4.7
23404,4.6
23406,4.4
23407,4.1
23408,4.6
23409,4.0
23412,4.4
23414,4.3
23416,4.5
23418,4.5
23419,4.2
23420,4.7
23421,4.3
23422,4.5
23425,4.6
23426,4.4
23427,4.5
23431,4.6
23432,4.3
23433,4.7
23434,4.3
23439,4.7
23440,4.7
23441,4.5
23443,4.6
23444,4.0
23445,4.4
23451,4.6
23452,4.5
23517,4.3
23518,3.7
23519,4.6
23520,4.0
23526,4.0
23527,4.8
23528,4.6
23529,3.9
23530,4.3
23533,4.9
23534,4.6
23537,4.8
23538,4.3
23539,4.4
23541,4.1
23542,4.9
23545,4.8
23547,4.4
23550,4.1
23553,4.5
23562,4.4
23563,4.2
23564,4.5
23567,4.5
23570,4.4
23571,4.4
23572,4.9
23574,4.2
23575,4.7
23576,3.9
23582,3.7
23583,4.4
23584,4.6
23586,4.2
23587,4.3
23588,4.5
23591,4.7
23592,4.6
23593,4.4
23595,4.6
23596,4.5
23597,4.7
23600,4.3
23602,4.4
23605,4.4
23608,4.1
23611,4.2
23612,4.3
23615,4.7
23616,4.5
23619,4.6
23620,4.6
23624,4.4
23625,4.2
23627,4.6
23630,4.7
23631,4.2
23638,4.8
23639,4.0
23641,4.2
23642,4.4
23643,4.7
23644,4.7
23645,4.7
23651,4.3
23653,4.3
23654,4.6
23656,4.7
23657,4.3
23658,4.7
23660,4.6
23661,4.5
23666,4.6
23670,4.8
23671,4.5
23672,4.7
23674,4.4
23675,4.7
23685,4.6
23686,4.5
23689,4.5
23691,4.1
23692,4.5
23695,4.8
23696,4.1
23697,4.4
23702,4.4
23704,4.3
23705,4.6
23706,4.2
23709,4.5
23710,4.7
23711,4.6
23713,4.3
23714,4.5
23715,4.5
23717,4.1
23718,3.4
23719,4.6
23720,4.5
23721,4.2
23722,4.6
23723,4.0
23724,4.4
23725,4.0
23730,4.7
23733,4.7
23734,4.7
23735,4.5
23736,4.2
23737,4.5
23738,4.4
23740,4.4
23746,4.7
23748,4.0
23749,4.4
23750,4.4
23751,4.5
23753,4.8
23757,4.4
23758,4.8
23760,4.5
23761,4.5
23762,4.8
23764,4.3
23765,4.2
23766,4.7
23767,4.3
23768,4.6
23770,4.3
23771,4.7
23772,4.7
23773,4.9
23778,4.7
23781,4.9
23782,4.6
23783,4.8
23785,3.6
23786,4.4
23787,3.4
23788,4.7
23798,4.2
23800,4.4
23806,4.8
23809,3.8
23810,4.7
23811,4.3
23813,4.4
23814,4.0
23815,4.5
23816,4.7
23817,4.5
23820,3.7
23822,4.8
23825,4.5
23827,4.6
23828,4.4
23830,4.3
23833,3.4
23834,4.5
23835,4.5
23838,4.2
23840,3.8
23841,4.0
23842,4.5
23845,4.5
23846,4.0
23847,4.5
23849,4.5
23850,4.5
23852,4.8
23853,4.5
23854,4.6
23856,4.6
23857,4.5
23859,4.4
23860,4.6
23863,4.6
23865,4.7
23867,4.4
23873,4.4
23874,4.8
23875,3.6
23876,4.7
23878,4.5
23880,4.2
23883,4.6
23884,4.3
23888,4.6
23889,4.4
23890,4.5
23891,4.8
23893,4.7
23898,4.6
23899,4.7
23900,4.4
23902,4.2
23905,4.7
23907,4.0
23909,4.5
23911,4.4
23912,4.5
23913,4.2
23914,4.7
23915,4.4
23917,4.5
23919,4.6
23920,4.2
23921,3.9
23922,4.6
23923,4.4
23924,4.1
23925,4.4
23928,4.2
23929,4.6
23934,4.6
23935,4.4
23936,4.6
23937,4.8
23938,4.6
23943,4.7
23944,4.3
23946,4.7
23948,4.4
23949,4.4
23951,4.5
23962,4.5
23963,4.0
23964,4.3
23965,4.1
23967,4.5
23968,4.4
23969,4.4
23970,4.4
23971,4.7
23974,4.5
23978,4.5
23979,4.5
23980,4.2
23981,4.3
23982,4.6
23983,4.2
23984,3.9
23985,4.3
23988,4.6
23992,4.4
23994,4.4
23995,4.5
23996,4.6
23997,4.3
23998,4.4
24001,4.5
24002,4.6
24005,4.7
24007,4.3
24008,4.4
24009,4.5
24010,4.4
24011,4.6
24013,4.6
24015,4.6
24016,4.5
24018,4.5
24019,4.7
24021,4.3
24022,3.7
24023,4.4
24025,4.8
24033,4.3
24034,4.2
24035,4.7
24037,4.5
24039,4.5
24041,4.7
24043,4.6
24046,4.6
24047,4.5
24051,4.2
24052,4.3
24054,4.7
24056,2.8
24058,4.7
24059,4.7
24063,4.0
24067,4.5
24068,4.3
24069,4.6
24072,4.3
24074,4.6
24075,4.6
24076,4.0
24078,4.1
24079,4.4
24080,3.7
24082,4.6
24083,4.3
24085,4.3
24086,4.5
24087,4.8
24088,4.4
24090,4.7
24093,4.5
24094,4.7
24095,4.5
24096,4.6
24097,4.7
24102,4.7
24103,4.7
24105,4.5
24107,4.7
24111,4.7
24118,4.4
24119,4.5
24126,4.5
24127,4.5
24128,4.3
24130,4.4
24132,4.3
24133,3.9
24134,4.2
24135,3.9
24137,3.9
24139,4.8
24140,4.2
24141,4.3
24143,4.5
24145,4.6
24146,4.6
24148,4.3
24149,4.5
24150,4.3
24152,4.0
24154,4.4
24155,4.3
24156,4.5
24157,4.6
24160,4.0
24162,4.6
24165,4.6
24166,4.6
24167,4.6
24168,4.6
24169,4.5
24174,4.6
24175,4.4
24177,3.6
24180,4.8
24181,4.5
24182,4.5
24183,4.7
24187,4.7
24191,4.5
24192,4.9
24193,4.0
24195,4.7
24196,4.8
24201,4.6
24202,4.5
24203,4.5
24208,4.4
24209,4.5
24210,4.3
24212,4.3
24213,4.7
24215,3.0
24217,4.3
24221,4.9
24222,4.5
24224,4.6
24226,4.7
24228,4.3
24229,4.3
24231,4.7
24234,4.7
24236,4.8
24238,4.2
24239,4.7
24240,3.8
24242,4.7
24243,4.7
24245,4.5
24246,4.4
24248,4.7
24249,4.6
24250,4.5
24255,4.6
24260,4.0
24262,4.6
24263,4.5
24264,4.6
24265,4.4
24266,4.2
24267,4.3
24268,4.4
24272,4.6
24274,4.8
24275,4.0
24280,3.8
24283,4.4
24286,4.2
24288,4.5
24290,4.5
24291,4.6
24293,2.9
24295,4.8
24299,4.2
24305,4.2
24308,4.6
24311,5.0
24314,4.4
24315,4.0
24316,4.4
24321,4.5
24322,4.0
24326,4.7
24327,4.5
24328,3.9
24329,4.5
24330,4.7
24332,4.7
24334,4.6
24336,4.2
24340,4.8
24343,4.7
24345,4.5
24351,4.5
24352,4.0
24353,4.0
24355,4.2
24356,4.1
24358,4.1
24361,4.8
24362,4.1
24363,4.5
24364,3.1
24367,4.4
24368,4.8
24370,4.4
24372,4.4
24373,4.6
24378,4.8
24379,4.2
24380,4.6
24381,4.0
24382,4.7
24385,4.7
24391,4.6
24392,4.6
24393,4.4
24396,4.5
24400,4.6
24403,4.8
24406,4.2
24408,4.2
24409,4.5
24411,4.8
24413,4.6
24414,4.0
24415,4.4
24416,4.4
24417,4.4
24419,4.5
24420,4.5
24421,4.9
24422,4.4
24423,4.4
24424,4.4
24426,4.2
24429,4.4
24430,4.5
24432,4.5
24437,4.7
24438,4.7
24440,3.9
24442,4.4
24443,4.1
24445,4.6
24446,4.2
24457,4.6
24462,4.5
24464,4.6
24467,4.7
24473,4.6
24474,4.7
24479,4.5
24483,4.6
24487,3.7
24489,4.6
24494,4.8
24498,4.5
24499,4.8
24501,4.8
24503,4.3
24506,4.5
24507,4.5
24508,4.7
24509,4.4
24512,4.1
24513,4.6
24514,4.5
24517,4.5
24518,4.6
24520,4.3
24521,4.6
24523,4.8
24524,4.5
24529,4.2
24530,4.7
24531,3.9
24532,4.7
24537,3.8
24538,4.1
24540,4.6
24544,4.6
24548,4.5
24549,4.5
24550,4.3
24551,4.4
24556,4.8
24558,4.3
24559,4.9
24560,3.8
24565,4.3
24566,4.6
24571,4.1
24572,4.5
24573,4.5
24574,4.7
24575,4.7
24578,4.7
24579,4.7
24581,4.6
24582,4.7
24583,4.4
24585,4.4
24586,4.8
24588,3.8
24590,4.7
24593,4.5
24595,4.4
24598,4.7
24601,4.7
24602,4.5
24604,4.5
24606,4.7
24609,4.6
24610,4.5
24613,4.3
24616,4.6
24620,4.2
24621,4.5
24624,3.9
24625,4.7
24626,4.3
24628,4.8
24629,4.1
24631,4.6
24634,4.5
24636,4.6
24638,4.5
24641,3.7
24642,4.6
24643,4.7
24645,4.7
24650,4.5
24659,4.1
24664,4.6
24665,4.4
24666,4.6
24667,4.3
24671,4.6
24672,4.4
24673,4.3
24674,4.5
24676,3.8
24678,3.5
24679,4.0
24681,4.4
24682,4.0
24683,4.6
24684,4.6
24685,4.6
24691,4.3
24697,4.7
24698,4.7
24700,4.3
24702,4.7
24703,4.4
24704,4.6
24705,4.8
24709,4.4
24710,4.4
24711,4.5
24712,4.4
24717,4.4
24720,4.8
24724,4.0
24726,4.2
24730,4.7
24731,4.5
24732,4.6
24733,3.8
24738,4.3
24739,4.2
24740,4.6
24741,4.4
24745,4.7
24746,4.3
24750,4.5
24753,4.4
24754,4.4
24757,4.3
24758,4.7
24759,4.4
24760,4.1
24762,4.7
24764,4.4
24765,4.7
24766,4.7
24767,4.4
24768,4.8
24771,4.4
24773,4.3
24774,4.4
24775,4.6
24776,4.0
24778,4.4
24780,4.0
24783,4.0
24784,4.5
24786,4.1
24788,4.3
24789,4.5
24790,4.4
24791,3.7
24792,3.4
24793,4.1
24794,2.4
24795,4.5
24796,4.3
24797,4.1
24798,3.1
24800,4.5
24806,4.6
24807,4.4
24808,4.7
24809,4.6
24811,4.3
24812,4.4
24814,4.5
24817,4.6
24819,4.0
24821,4.6
24822,4.6
24823,4.2
24825,4.5
24826,4.2
24829,4.2
24830,4.6
24831,4.1
24832,4.5
24833,4.7
24834,4.6
24835,4.5
24841,3.8
24843,4.6
24846,4.1
24848,3.8
24849,4.6
24850,4.2
24851,4.4
24852,4.4
24855,4.2
24858,4.4
24865,4.5
24866,4.6
24867,4.4
24868,4.7
24869,4.6
24871,4.6
24872,4.8
24873,4.3
24876,4.5
24878,4.5
24883,4.5
24886,4.6
24892,4.4
24897,4.4
24898,4.3
24899,4.5
24900,3.6
24901,4.6
24903,4.8
24905,4.5
24909,4.7
24912,4.4
24914,4.7
24915,4.7
24921,4.5
24925,4.6
24927,4.5
24929,4.8
24930,4.6
24932,4.5
24933,4.0
24934,4.1
24940,4.5
24943,4.4
24944,4.7
24945,4.9
24947,4.3
24948,3.6
24951,4.7
24952,4.9
24956,4.6
24958,4.5
24961,4.2
24964,4.3
24972,4.5
24973,4.6
24976,4.7
24977,4.7
24981,4.5
24986,4.7
24989,3.9
24990,4.0
24992,4.4
24996,4.5
25002,4.7
25004,4.7
25006,4.1
25008,4.4
25010,4.5
25012,4.3
25013,3.3
25014,4.1
25016,4.3
25017,4.5
25018,4.3
25020,4.5
25021,4.7
25022,4.4
25023,4.6
25026,4.5
25028,3.9
25029,4.3
25030,4.7
25032,4.1
25037,4.5
25038,4.2
25040,4.7
25046,3.8
25047,4.3
25048,4.5
25050,4.5
25052,4.4
25053,4.7
25059,4.8
25061,4.1
25064,4.6
25065,4.5
25068,4.7
25075,4.6
25076,4.6
25078,2.5
25080,4.5
25082,4.6
25083,4.3
25086,4.4
25087,4.7
25090,3.9
25091,4.4
25095,4.6
25098,4.0
25099,4.3
25100,4.6
25105,4.5
25109,4.3
25110,4.2
25111,4.5
25112,4.5
25113,3.2
25118,4.6
25119,4.3
25121,3.8
25122,4.1
25125,4.2
25126,4.6
25128,4.6
25130,4.4
25131,3.9
25132,4.6
25133,2.7
25135,4.2
25136,4.5
25139,4.4
25140,4.5
25144,4.4
25145,4.5
25146,4.1
25147,4.8
25148,4.4
25149,4.4
25150,4.0
25151,4.4
25155,4.7
25156,4.6
25158,4.4
25160,4.5
25162,4.7
25165,4.5
25170,4.5
25171,4.4
25172,3.9
25174,4.6
25176,2.8
25177,4.5
25184,4.3
25185,4.1
25186,4.2
25187,4.3
25189,4.5
25190,4.2
25192,4.2
25193,3.6
25194,4.6
25197,4.4
25198,4.6
25199,4.4
25200,4.6
25201,4.5
25202,4.6
25203,4.5
25204,4.4
25205,4.2
25206,4.7
25209,4.2
25210,4.5
25211,4.5
25213,4.5
25216,4.6
25220,4.2
25221,4.7
25222,4.6
25223,4.3
25224,4.8
25225,4.0
25228,4.6
25235,4.7
25236,4.5
25237,4.4
25238,4.3
25239,4.3
25240,4.3
25241,4.3
25243,4.4
25245,4.5
25246,4.4
25248,4.4
25249,4.2
25250,4.1
25254,4.4
25255,4.4
25259,4.3
25260,4.0
25266,4.6
25267,4.6
25269,4.4
25271,4.2
25272,4.4
25273,4.3
25274,4.6
25277,4.0
25279,4.2
25280,4.5
25283,4.4
25284,3.9
25285,4.6
25286,4.3
25288,4.4
25289,4.2
25291,4.4
25294,4.5
25296,4.5
25297,4.2
25300,4.6
25302,4.4
25303,4.5
25304,4.1
25306,4.1
25307,4.4
25309,4.6
25311,4.4
25312,4.1
25314,4.2
25317,4.6
25318,4.2
25320,4.3
25321,4.6
25322,4.5
25323,4.2
25325,4.6
25331,3.8
25333,4.7
25335,4.5
25338,4.2
25339,4.3
25343,3.0
25345,4.4
25346,4.1
25347,4.3
25348,4.4
25351,4.3
25352,4.3
25353,4.5
25359,4.6
25362,3.3
25363,4.1
25364,4.2
25367,3.9
25369,3.8
25370,4.7
25371,4.5
25401,4.5
25402,4.1
25403,4.5
25405,4.0
25407,4.3
25408,3.5
25409,4.1
25414,4.8
25415,4.5
25416,4.5
25418,4.4
25420,4.3
25423,4.4
25424,4.4
25425,4.3
25426,4.2
25428,4.5
25432,4.7
25436,4.4
25441,4.8
25444,4.2
25445,4.3
25448,4.6
25449,4.0
25451,4.6
25454,4.7
25455,4.7
25456,3.8
25457,4.5
25459,4.5
25464,4.1
25466,4.6
25467,4.5
25469,4.6
25470,3.8
25471,4.0
25473,4.3
25474,4.2
25475,4.3
25477,4.4
25478,4.7
25479,4.6
25480,4.1
25482,4.5
25483,4.7
25489,4.6
25490,4.2
25491,3.9
25492,4.4
25494,4.8
25495,4.5
25496,3.7
25497,4.4
25498,4.7
25499,4.4
25502,4.8
25504,4.5
25505,4.4
25506,4.4
25508,4.3
25510,4.7
25511,4.4
25513,4.6
25514,3.9
25515,4.3
25517,4.6
25522,4.5
25523,4.2
25525,4.7
25527,4.6
25528,4.3
25529,4.6
25531,4.6
25532,4.4
25536,4.3
25537,4.7
25538,4.0
25539,4.7
25547,4.8
25549,4.3
25551,4.6
25552,4.7
25553,4.7
25556,4.5
25557,4.4
25558,4.5
25559,4.8
25561,4.3
25562,4.3
25563,4.3
25564,4.2
25566,4.1
25567,4.9
25572,4.8
25573,4.6
25579,4.3
25580,4.5
25586,4.7
25587,4.7
25588,4.3
25590,4.8
25591,4.5
25594,4.6
25595,4.5
25596,4.6
25597,4.8
25600,4.7
25604,4.7
25607,4.0
25612,4.5
25613,4.3
25615,4.8
25622,3.7
25624,4.4
25625,4.7
25626,4.7
25631,3.9
25636,4.3
25637,4.4
25639,4.8
25641,3.9
25642,4.8
25643,4.6
25644,4.4
25645,4.5
25648,4.7
25652,4.2
25654,4.6
25657,4.4
25658,4.4
25662,4.5
25663,4.1
25665,4.6
25666,3.9
25667,4.7
25668,4.2
25670,4.7
25675,4.6
25676,4.2
25678,4.7
25679,4.5
25681,3.2
25685,4.7
25687,4.5
25688,4.7
25690,4.5
25691,4.2
25692,4.6
25693,4.4
25694,4.5
25696,4.6
25697,4.5
25698,4.7
25699,4.5
25700,4.3
25705,4.5
25708,4.7
25710,4.4
25711,4.7
25713,4.5
25719,4.4
25721,4.6
25722,4.4
25723,4.2
25726,3.5
25728,4.7
25733,4.7
25735,4.5
25736,4.0
25737,4.3
25741,4.2
25746,3.7
25747,4.3
25755,4.5
25759,4.6
25760,4.6
25761,4.4
25764,4.5
25766,4.5
25767,4.1
25771,3.9
25782,4.3
25786,4.6
25787,4.5
25789,4.4
25792,4.4
25793,4.0
25794,4.6
25797,4.6
25798,4.6
25803,4.5
25805,4.4
25807,4.3
25808,4.7
25811,4.3
25817,4.0
25829,4.6
25831,4.4
25832,4.7
25835,4.4
25837,4.7
25841,4.6
25842,4.8
25843,4.8
25845,4.6
25847,4.7
25848,4.5
25849,4.8
25853,4.8
25854,4.2
25857,4.5
25858,4.5
25859,4.4
25860,4.3
25861,4.6
25863,4.2
25866,4.4
25867,4.3
25871,4.7
25872,4.1
25874,4.7
25878,4.4
25879,4.6
25881,4.0
25882,4.4
25884,4.4
25885,4.4
25887,4.6
25888,4.2
25890,4.5
25891,4.6
25892,4.5
25893,4.3
25894,4.5
25895,4.7
25897,4.0
25900,4.3
25905,4.7
25906,4.4
25908,4.4
25910,4.4
25911,4.6
25912,4.2
25913,4.0
25916,4.3
25918,4.2
25920,4.2
25922,4.5
25925,3.7
25926,4.1
25927,4.4
25930,4.3
25931,4.0
25933,4.3
25934,4.4
25936,4.4
25938,4.2
25939,4.2
25943,4.7
25957,4.6
25958,4.6
25960,4.0
25961,4.2
25964,4.5
25965,4.6
25966,4.6
25967,4.6
25968,4.7
25969,4.7
25970,4.2
25971,4.5
25972,4.7
25973,4.5
25985,4.4
25986,4.8
25991,4.2
25994,3.5
25995,4.4
25999,4.5
26000,3.7
26001,4.5
26002,4.6
26005,4.3
26008,4.6
26009,4.5
26010,4.5
26015,4.4
26016,4.7
26017,4.2
26018,4.5
26019,4.7
26020,4.5
26027,4.6
26033,4.6
26036,4.4
26039,4.5
26041,4.0
26047,4.7
26049,3.9
26052,4.5
26053,4.4
26056,4.8
26057,4.6
26058,4.5
26060,4.4
26061,4.5
26062,4.8
26067,4.3
26085,4.6
26104,4.5
26106,4.1
26107,4.7
26109,3.4
26117,4.3
26129,4.7
26132,4.6
26133,4.3
26136,4.6
26149,4.5
26153,4.6
26159,4.7
26162,4.5
26177,4.8
26183,4.6
26192,4.4
26197,4.4
26200,4.7
26202,4.7
26206,4.7
26208,4.4
26221,4.4
26223,4.7
26235,3.8
26237,4.6
26244,4.5
26247,4.8
26249,4.5
26251,4.4
26254,4.8
26257,4.7
26258,3.8
26260,4.5
26265,4.4
26274,4.3
26275,3.9
26277,4.4
26283,4.4
26284,4.6
26286,4.4
26290,4.3
26293,4.3
26294,4.3
26296,3.5
26297,4.3
26298,4.6
26299,4.4
26301,4.6
26311,3.9
26313,4.3
26314,4.4
26316,4.7
26317,4.8
26318,4.7
26326,4.2
26331,4.1
26332,4.5
26342,4.6
26349,4.7
26350,4.3
26353,4.7
26354,4.1
26355,4.4
26357,4.6
26358,4.7
26363,4.3
26364,4.3
26365,4.6
26374,4.5
26377,4.7
26378,4.6
26382,4.6
26384,4.6
26385,4.7
26391,4.7
26393,4.4
26395,4.6
26403,4.4
26418,4.3
26420,4.4
26425,4.2
26427,4.6
26433,4.5
26434,4.4
26438,4.5
26442,4.5
26443,4.7
26444,4.4
26459,4.4
26460,4.8
26461,4.5
26463,4.7
26468,4.5
26469,4.5
26472,4.7
26475,4.7
26482,4.5
26490,4.8
26492,4.7
26498,4.5
26499,4.6
26508,4.5
26521,4.5
26534,4.7
26540,3.9
26582,4.4
26583,4.4
26589,4.4
26591,4.4
26592,4.6
26593,4.5
26595,4.2
26597,4.8
26598,4.4
26599,3.7
26601,4.2
26602,4.4
26603,4.3
26607,3.7
26608,4.1
26609,4.3
26611,4.2
26614,4.1
26615,4.4
26616,4.6
26618,4.2
26619,4.6
26623,4.0
26626,4.6
26627,4.1
26630,4.3
26631,4.2
26632,4.2
26633,3.6
26635,4.7
26639,4.0
26640,4.2
26641,4.3
26642,4.2
26647,4.6
26648,4.1
26651,4.3
26655,4.5
26656,3.8
26659,4.5
26661,4.4
26664,4.4
26667,4.4
26668,4.1
26670,4.7
26672,4.4
26673,4.4
26674,4.2
26692,4.8
26694,4.7
26699,4.6
26700,4.9
26703,4.4
26706,4.5
26707,3.9
26727,4.8
26730,4.5
26734,4.5
26737,4.4
26738,4.4
26740,4.7
26756,4.5
26760,4.6
26780,4.7
26783,4.1
26784,4.3
26787,4.5
26788,4.3
26796,4.7
26806,4.7
26819,4.7
26823,4.5
26835,4.5
26846,4.5
26857,4.8
26869,4.8
26880,4.7
26890,3.7
26897,4.6
26921,4.5
26922,4.5
26924,4.6
26926,4.8
26942,4.6
26945,4.5
26962,4.6
26972,4.4
26975,4.7
26980,4.8
27005,4.7
27006,4.8
27011,4.2
27021,4.4
27023,4.3
27026,4.1
27027,4.6
27028,4.7
27029,4.8
27063,4.3
27070,4.6
27072,4.5
27074,3.9
27093,4.4
27114,4.6
27120,4.7
27131,4.6
27132,4.7
27135,4.1
27136,4.6
27138,4.5
27146,4.4
27157,4.9
27161,4.6
27162,4.3
27176,4.7
27183,4.5
27184,4.5
27188,4.8
27190,4.4
27191,4.1
27192,4.6
27193,4.0
27194,4.2
27196,4.6
27197,4.8
27199,4.4
27201,4.0
27203,3.8
27205,4.6
27209,4.3
27212,4.3
27222,4.6
27224,4.0
27228,4.7
27245,4.5
27250,4.5
27252,4.0
27253,4.8
27254,4.6
27294,4.6
27326,4.4
27341,4.5
27342,4.6
27478,4.7
27491,4.5
